institute_code,course_code,program_name,status,home_university
01002,0100219110,Civil Engineering,Government Autonomous,Autonomous Institute
01002,0100224210,Computer Science and Engineering,Government Autonomous,Autonomous Institute
01002,0100224610,Information Technology,Government Autonomous,Autonomous Institute
01002,0100229310,Electrical Engineering,Government Autonomous,Autonomous Institute
01002,0100237210,Electronics and Telecommunication Engg,Government Autonomous,Autonomous Institute
01002,0100246610,Instrumentation Engineering,Government Autonomous,Autonomous Institute
01002,0100261210,Mechanical Engineering,Government Autonomous,Autonomous Institute
01005,0100550310,Food Technology,University Department,Sant Gadge Baba Amravati University
01005,0100551710,Oil and Paints Technology,University Department,Sant Gadge Baba Amravati University
01005,0100552410,Paper and Pulp Technology,University Department,Sant Gadge Baba Amravati University
01005,0100552710,Petro Chemical Engineering,University Department,Sant Gadge Baba Amravati University
01012,0101219110,Civil Engineering,Government,Sant Gadge Baba Amravati University
01012,0101224510,Computer Engineering,Government,Sant Gadge Baba Amravati University
01012,0101229310,Electrical Engineering,Government,Sant Gadge Baba Amravati University
01012,0101237210,Electronics and Telecommunication Engg,Government,Sant Gadge Baba Amravati University
01012,0101261210,Mechanical Engineering,Government,Sant Gadge Baba Amravati University
01101,0110124210,Computer Science and Engineering,Un-Aided Autonomous,Autonomous Institute
01101,0110124610,Information Technology,Un-Aided Autonomous,Autonomous Institute
01101,0110135610,Electrical Engineering (Electronics and Power),Un-Aided Autonomous,Autonomous Institute
01101,0110137210,Electronics and Telecommunication Engg,Un-Aided Autonomous,Autonomous Institute
01101,0110161210,Mechanical Engineering,Un-Aided Autonomous,Autonomous Institute
01105,0110519110,Civil Engineering,Un-Aided Autonomous,Autonomous Institute
01105,0110524210,Computer Science and Engineering,Un-Aided Autonomous,Autonomous Institute
01105,0110524610,Information Technology,Un-Aided Autonomous,Autonomous Institute
01105,0110526310,Artificial Intelligence (AI) and Data Science,Un-Aided Autonomous,Autonomous Institute
01105,0110526710,Computer Science and Engineering (IoT),Un-Aided Autonomous,Autonomous Institute
01105,0110537210,Electronics and Telecommunication Engg,Un-Aided Autonomous,Autonomous Institute
01105,0110561210,Mechanical Engineering,Un-Aided Autonomous,Autonomous Institute
01107,0110719110,Civil Engineering,Un-Aided Autonomous,Autonomous Institute
01107,0110724210,Computer Science and Engineering,Un-Aided Autonomous,Autonomous Institute
01107,0110729310,Electrical Engineering,Un-Aided Autonomous,Autonomous Institute
01107,0110737210,Electronics and Telecommunication Engg,Un-Aided Autonomous,Autonomous Institute
01107,0110761210,Mechanical Engineering,Un-Aided Autonomous,Autonomous Institute
01107,0110791110,Computer Science and Engineering(Artificial Intelligence and Machine Learning),Un-Aided Autonomous,Autonomous Institute
01107,0110799510,Artificial Intelligence and Data Science,Un-Aided Autonomous,Autonomous Institute
01114,0111419110,Civil Engineering,Un-Aided Autonomous,Autonomous Institute
01114,0111424210,Computer Science and Engineering,Un-Aided Autonomous,Autonomous Institute
01114,0111424610,Information Technology,Un-Aided Autonomous,Autonomous Institute
01114,0111426310,Artificial Intelligence (AI) and Data Science,Un-Aided Autonomous,Autonomous Institute
01114,0111437210,Electronics and Telecommunication Engg,Un-Aided Autonomous,Autonomous Institute
01114,0111461210,Mechanical Engineering,Un-Aided Autonomous,Autonomous Institute
01116,0111619110,Civil Engineering,Un-Aided,Sant Gadge Baba Amravati University
01116,0111624210,Computer Science and Engineering,Un-Aided,Sant Gadge Baba Amravati University
01116,0111624610,Information Technology,Un-Aided,Sant Gadge Baba Amravati University
01116,0111650710,Chemical Engineering,Un-Aided,Sant Gadge Baba Amravati University
01116,0111661210,Mechanical Engineering,Un-Aided,Sant Gadge Baba Amravati University
01117,0111719110,Civil Engineering,Un-Aided,Sant Gadge Baba Amravati University
01117,0111724210,Computer Science and Engineering,Un-Aided,Sant Gadge Baba Amravati University
01117,0111735610,Electrical Engineering (Electronics and Power),Un-Aided,Sant Gadge Baba Amravati University
01117,0111761210,Mechanical Engineering,Un-Aided,Sant Gadge Baba Amravati University
01117,0111799510,Artificial Intelligence and Data Science,Un-Aided,Sant Gadge Baba Amravati University
01119,0111924210,Computer Science and Engineering,Un-Aided Autonomous,Autonomous Institute
01119,0111924610,Information Technology,Un-Aided Autonomous,Autonomous Institute
01119,0111937210,Electronics and Telecommunication Engg,Un-Aided Autonomous,Autonomous Institute
01119,0111950710,Chemical Engineering,Un-Aided Autonomous,Autonomous Institute
01119,0111961210,Mechanical Engineering,Un-Aided Autonomous,Autonomous Institute
01119,0111999510,Artificial Intelligence and Data Science,Un-Aided Autonomous,Autonomous Institute
01120,0112019110,Civil Engineering,Un-Aided Autonomous Linguistic Minority - Hindi,Autonomous Institute
01120,0112024210,Computer Science and Engineering,Un-Aided Autonomous Linguistic Minority - Hindi,Autonomous Institute
01120,0112029310,Electrical Engineering,Un-Aided Autonomous Linguistic Minority - Hindi,Autonomous Institute
01120,0112037210,Electronics and Telecommunication Engg,Un-Aided Autonomous Linguistic Minority - Hindi,Autonomous Institute
01120,0112050710,Chemical Engineering,Un-Aided Autonomous Linguistic Minority - Hindi,Autonomous Institute
01120,0112061210,Mechanical Engineering,Un-Aided Autonomous Linguistic Minority - Hindi,Autonomous Institute
01120,0112089310,Textile Engineering / Technology,Un-Aided Autonomous Linguistic Minority - Hindi,Autonomous Institute
01121,0112124210,Computer Science and Engineering,Un-Aided Autonomous,Autonomous Institute
01121,0112124610,Information Technology,Un-Aided Autonomous,Autonomous Institute
01121,0112137210,Electronics and Telecommunication Engg,Un-Aided Autonomous,Autonomous Institute
01121,0112161210,Mechanical Engineering,Un-Aided Autonomous,Autonomous Institute
01123,0112319110,Civil Engineering,Un-Aided Autonomous,Autonomous Institute
01123,0112324210,Computer Science and Engineering,Un-Aided Autonomous,Autonomous Institute
01123,0112337210,Electronics and Telecommunication Engg,Un-Aided Autonomous,Autonomous Institute
01123,0112356810,Computer Science and Information Technology,Un-Aided Autonomous,Autonomous Institute
01123,0112361210,Mechanical Engineering,Un-Aided Autonomous,Autonomous Institute
01123,0112399510,Artificial Intelligence and Data Science,Un-Aided Autonomous,Autonomous Institute
01125,0112519110,Civil Engineering,Un-Aided,Sant Gadge Baba Amravati University
01125,0112524210,Computer Science and Engineering,Un-Aided,Sant Gadge Baba Amravati University
01125,0112526310,Artificial Intelligence (AI) and Data Science,Un-Aided,Sant Gadge Baba Amravati University
01125,0112529310,Electrical Engineering,Un-Aided,Sant Gadge Baba Amravati University
01125,0112561210,Mechanical Engineering,Un-Aided,Sant Gadge Baba Amravati University
01126,0112619110,Civil Engineering,Un-Aided,Sant Gadge Baba Amravati University
01126,0112624210,Computer Science and Engineering,Un-Aided,Sant Gadge Baba Amravati University
01126,0112629310,Electrical Engineering,Un-Aided,Sant Gadge Baba Amravati University
01126,0112661210,Mechanical Engineering,Un-Aided,Sant Gadge Baba Amravati University
01126,0112684410,Electronics and Computer Engineering,Un-Aided,Sant Gadge Baba Amravati University
01127,0112719110,Civil Engineering,Un-Aided Autonomous,Autonomous Institute
01127,0112724210,Computer Science and Engineering,Un-Aided Autonomous,Autonomous Institute
01127,0112729310,Electrical Engineering,Un-Aided Autonomous,Autonomous Institute
01127,0112737210,Electronics and Telecommunication Engg,Un-Aided Autonomous,Autonomous Institute
01127,0112761210,Mechanical Engineering,Un-Aided Autonomous,Autonomous Institute
01127,0112791110,Computer Science and Engineering(Artificial Intelligence and Machine Learning),Un-Aided Autonomous,Autonomous Institute
01127,0112799510,Artificial Intelligence and Data Science,Un-Aided Autonomous,Autonomous Institute
01128,0112819110,Civil Engineering,Un-Aided Autonomous,Autonomous Institute
01128,0112824210,Computer Science and Engineering,Un-Aided Autonomous,Autonomous Institute
01128,0112824610,Information Technology,Un-Aided Autonomous,Autonomous Institute
01128,0112829310,Electrical Engineering,Un-Aided Autonomous,Autonomous Institute
01128,0112837210,Electronics and Telecommunication Engg,Un-Aided Autonomous,Autonomous Institute
01128,0112891210,Computer Science and Engineering(Data Science),Un-Aided Autonomous,Autonomous Institute
01130,0113019110,Civil Engineering,Un-Aided,Sant Gadge Baba Amravati University
01130,0113024210,Computer Science and Engineering,Un-Aided,Sant Gadge Baba Amravati University
01130,0113035610,Electrical Engineering (Electronics and Power),Un-Aided,Sant Gadge Baba Amravati University
01130,0113037210,Electronics and Telecommunication Engg,Un-Aided,Sant Gadge Baba Amravati University
01130,0113061210,Mechanical Engineering,Un-Aided,Sant Gadge Baba Amravati University
01180,0118019110,Civil Engineering,Un-Aided,Sant Gadge Baba Amravati University
01180,0118024210,Computer Science and Engineering,Un-Aided,Sant Gadge Baba Amravati University
01180,0118026310,Artificial Intelligence (AI) and Data Science,Un-Aided,Sant Gadge Baba Amravati University
01180,0118029310,Electrical Engineering,Un-Aided,Sant Gadge Baba Amravati University
01180,0118061210,Mechanical Engineering,Un-Aided,Sant Gadge Baba Amravati University
01182,0118219110,Civil Engineering,Un-Aided Autonomous,Autonomous Institute
01182,0118224210,Computer Science and Engineering,Un-Aided Autonomous,Autonomous Institute
01182,0118229310,Electrical Engineering,Un-Aided Autonomous,Autonomous Institute
01182,0118261210,Mechanical Engineering,Un-Aided Autonomous,Autonomous Institute
01265,0126519110,Civil Engineering,Un-Aided,Sant Gadge Baba Amravati University
01265,0126524210,Computer Science and Engineering,Un-Aided,Sant Gadge Baba Amravati University
01265,0126524610,Information Technology,Un-Aided,Sant Gadge Baba Amravati University
01265,0126535610,Electrical Engineering (Electronics and Power),Un-Aided,Sant Gadge Baba Amravati University
01265,0126537210,Electronics and Telecommunication Engg,Un-Aided,Sant Gadge Baba Amravati University
01265,0126561210,Mechanical Engineering,Un-Aided,Sant Gadge Baba Amravati University
01268,0126819110,Civil Engineering,Un-Aided,Sant Gadge Baba Amravati University
01268,0126824210,Computer Science and Engineering,Un-Aided,Sant Gadge Baba Amravati University
01268,0126835610,Electrical Engineering (Electronics and Power),Un-Aided,Sant Gadge Baba Amravati University
01268,0126837210,Electronics and Telecommunication Engg,Un-Aided,Sant Gadge Baba Amravati University
01268,0126861210,Mechanical Engineering,Un-Aided,Sant Gadge Baba Amravati University
01268,0126899510,Artificial Intelligence and Data Science,Un-Aided,Sant Gadge Baba Amravati University
01276,0127619110,Civil Engineering,Un-Aided,Sant Gadge Baba Amravati University
01276,0127624510,Computer Engineering,Un-Aided,Sant Gadge Baba Amravati University
01276,0127629310,Electrical Engineering,Un-Aided,Sant Gadge Baba Amravati University
01276,0127661210,Mechanical Engineering,Un-Aided,Sant Gadge Baba Amravati University
01347,0134724210,Computer Science and Engineering,Un-Aided,Sant Gadge Baba Amravati University
01347,0134729310,Electrical Engineering,Un-Aided,Sant Gadge Baba Amravati University
01347,0134761210,Mechanical Engineering,Un-Aided,Sant Gadge Baba Amravati University
01347,0134799510,Artificial Intelligence and Data Science,Un-Aided,Sant Gadge Baba Amravati University
02008,0200819110,Civil Engineering,Government Autonomous,Autonomous Institute
02008,0200824210,Computer Science and Engineering,Government Autonomous,Autonomous Institute
02008,0200824610,Information Technology,Government Autonomous,Autonomous Institute
02008,0200829310,Electrical Engineering,Government Autonomous,Autonomous Institute
02008,0200837210,Electronics and Telecommunication Engg,Government Autonomous,Autonomous Institute
02008,0200861210,Mechanical Engineering,Government Autonomous,Autonomous Institute
02015,0201524510,Computer Engineering,Government,"Swami Ramanand Teerth Marathwada University, Nanded"
02015,0201537210,Electronics and Telecommunication Engg,Government,"Swami Ramanand Teerth Marathwada University, Nanded"
02015,0201599510,Artificial Intelligence and Data Science,Government,"Swami Ramanand Teerth Marathwada University, Nanded"
02020,0202019110,Civil Engineering,Government-Aided Autonomous,Autonomous Institute
02020,0202024210,Computer Science and Engineering,Government-Aided Autonomous,Autonomous Institute
02020,0202024610,Information Technology,Government-Aided Autonomous,Autonomous Institute
02020,0202029310,Electrical Engineering,Government-Aided Autonomous,Autonomous Institute
02020,0202037210,Electronics and Telecommunication Engg,Government-Aided Autonomous,Autonomous Institute
02020,0202046610,Instrumentation Engineering,Government-Aided Autonomous,Autonomous Institute
02020,0202050710,Chemical Engineering,Government-Aided Autonomous,Autonomous Institute
02020,0202060610,Production Engineering,Government-Aided Autonomous,Autonomous Institute
02020,0202061210,Mechanical Engineering,Government-Aided Autonomous,Autonomous Institute
02020,0202089610,Textile Technology,Government-Aided Autonomous,Autonomous Institute
02021,0202150310,Food Technology,University Department,Dr. Babasaheb Ambedkar Marathwada University
02021,0202181610,Pharmaceutical and Fine Chemical Technology,University Department,Dr. Babasaheb Ambedkar Marathwada University
02032,0203290410,Chemical Engineering,University Managed Autonomous,Deemed to be University
02111,0211119110,Civil Engineering,Un-Aided Religious Minority - Muslim,Dr. Babasaheb Ambedkar Marathwada University
02111,0211124210,Computer Science and Engineering,Un-Aided Religious Minority - Muslim,Dr. Babasaheb Ambedkar Marathwada University
02111,0211129310,Electrical Engineering,Un-Aided Religious Minority - Muslim,Dr. Babasaheb Ambedkar Marathwada University
02111,0211161210,Mechanical Engineering,Un-Aided Religious Minority - Muslim,Dr. Babasaheb Ambedkar Marathwada University
02111,0211192110,Artificial Intelligence and Machine Learning,Un-Aided Religious Minority - Muslim,Dr. Babasaheb Ambedkar Marathwada University
02111,0211199510,Artificial Intelligence and Data Science,Un-Aided Religious Minority - Muslim,Dr. Babasaheb Ambedkar Marathwada University
02112,0211219110,Civil Engineering,Un-Aided,Dr. Babasaheb Ambedkar Marathwada University
02112,0211224210,Computer Science and Engineering,Un-Aided,Dr. Babasaheb Ambedkar Marathwada University
02112,0211229310,Electrical Engineering,Un-Aided,Dr. Babasaheb Ambedkar Marathwada University
02112,0211237210,Electronics and Telecommunication Engg,Un-Aided,Dr. Babasaheb Ambedkar Marathwada University
02112,0211261210,Mechanical Engineering,Un-Aided,Dr. Babasaheb Ambedkar Marathwada University
02112,0211284410,Electronics and Computer Engineering,Un-Aided,Dr. Babasaheb Ambedkar Marathwada University
02112,0211291110,Computer Science and Engineering(Artificial Intelligence and Machine Learning),Un-Aided,Dr. Babasaheb Ambedkar Marathwada University
02112,0211291210,Computer Science and Engineering(Data Science),Un-Aided,Dr. Babasaheb Ambedkar Marathwada University
02113,0211301110,Agricultural Engineering,Un-Aided Autonomous,Autonomous Institute
02113,0211319110,Civil Engineering,Un-Aided Autonomous,Autonomous Institute
02113,0211324210,Computer Science and Engineering,Un-Aided Autonomous,Autonomous Institute
02113,0211325710,Computer Science and Design,Un-Aided Autonomous,Autonomous Institute
02113,0211326310,Artificial Intelligence (AI) and Data Science,Un-Aided Autonomous,Autonomous Institute
02113,0211329310,Electrical Engineering,Un-Aided Autonomous,Autonomous Institute
02113,0211337210,Electronics and Telecommunication Engg,Un-Aided Autonomous,Autonomous Institute
02113,0211350110,Plastic and Polymer Engineering,Un-Aided Autonomous,Autonomous Institute
02113,0211361210,Mechanical Engineering,Un-Aided Autonomous,Autonomous Institute
02113,0211362410,Mechatronics Engineering,Un-Aided Autonomous,Autonomous Institute
02113,0211384410,Electronics and Computer Engineering,Un-Aided Autonomous,Autonomous Institute
02114,0211419110,Civil Engineering,Un-Aided Autonomous,Autonomous Institute
02114,0211424210,Computer Science and Engineering,Un-Aided Autonomous,Autonomous Institute
02114,0211426310,Artificial Intelligence (AI) and Data Science,Un-Aided Autonomous,Autonomous Institute
02114,0211429310,Electrical Engineering,Un-Aided Autonomous,Autonomous Institute
02114,0211437210,Electronics and Telecommunication Engg,Un-Aided Autonomous,Autonomous Institute
02114,0211461210,Mechanical Engineering,Un-Aided Autonomous,Autonomous Institute
02114,0211491110,Computer Science and Engineering(Artificial Intelligence and Machine Learning),Un-Aided Autonomous,Autonomous Institute
02116,0211619110,Civil Engineering,Un-Aided,"Swami Ramanand Teerth Marathwada University, Nanded"
02116,0211624210,Computer Science and Engineering,Un-Aided,"Swami Ramanand Teerth Marathwada University, Nanded"
02116,0211626310,Artificial Intelligence (AI) and Data Science,Un-Aided,"Swami Ramanand Teerth Marathwada University, Nanded"
02116,0211626610,Robotics and Artificial Intelligence,Un-Aided,"Swami Ramanand Teerth Marathwada University, Nanded"
02116,0211629310,Electrical Engineering,Un-Aided,"Swami Ramanand Teerth Marathwada University, Nanded"
02116,0211637210,Electronics and Telecommunication Engg,Un-Aided,"Swami Ramanand Teerth Marathwada University, Nanded"
02116,0211661210,Mechanical Engineering,Un-Aided,"Swami Ramanand Teerth Marathwada University, Nanded"
02116,0211691110,Computer Science and Engineering(Artificial Intelligence and Machine Learning),Un-Aided,"Swami Ramanand Teerth Marathwada University, Nanded"
02127,0212719110,Civil Engineering,Un-Aided,"Swami Ramanand Teerth Marathwada University, Nanded"
02127,0212724210,Computer Science and Engineering,Un-Aided,"Swami Ramanand Teerth Marathwada University, Nanded"
02127,0212724610,Information Technology,Un-Aided,"Swami Ramanand Teerth Marathwada University, Nanded"
02127,0212737210,Electronics and Telecommunication Engg,Un-Aided,"Swami Ramanand Teerth Marathwada University, Nanded"
02127,0212761210,Mechanical Engineering,Un-Aided,"Swami Ramanand Teerth Marathwada University, Nanded"
02127,0212791610,Automation and Robotics,Un-Aided,"Swami Ramanand Teerth Marathwada University, Nanded"
02127,0212792110,Artificial Intelligence and Machine Learning,Un-Aided,"Swami Ramanand Teerth Marathwada University, Nanded"
02127,0212799510,Artificial Intelligence and Data Science,Un-Aided,"Swami Ramanand Teerth Marathwada University, Nanded"
02129,0212919110,Civil Engineering,Un-Aided,"Swami Ramanand Teerth Marathwada University, Nanded"
02129,0212924210,Computer Science and Engineering,Un-Aided,"Swami Ramanand Teerth Marathwada University, Nanded"
02129,0212924610,Information Technology,Un-Aided,"Swami Ramanand Teerth Marathwada University, Nanded"
02129,0212929310,Electrical Engineering,Un-Aided,"Swami Ramanand Teerth Marathwada University, Nanded"
02129,0212937210,Electronics and Telecommunication Engg,Un-Aided,"Swami Ramanand Teerth Marathwada University, Nanded"
02129,0212961210,Mechanical Engineering,Un-Aided,"Swami Ramanand Teerth Marathwada University, Nanded"
02129,0212991110,Computer Science and Engineering(Artificial Intelligence and Machine Learning),Un-Aided,"Swami Ramanand Teerth Marathwada University, Nanded"
02130,0213019110,Civil Engineering,Un-Aided,Dr. Babasaheb Ambedkar Marathwada University
02130,0213024210,Computer Science and Engineering,Un-Aided,Dr. Babasaheb Ambedkar Marathwada University
02130,0213037210,Electronics and Telecommunication Engg,Un-Aided,Dr. Babasaheb Ambedkar Marathwada University
02130,0213061210,Mechanical Engineering,Un-Aided,Dr. Babasaheb Ambedkar Marathwada University
02130,0213099510,Artificial Intelligence and Data Science,Un-Aided,Dr. Babasaheb Ambedkar Marathwada University
02131,0213119110,Civil Engineering,Un-Aided,Dr. Babasaheb Ambedkar Marathwada University
02131,0213124210,Computer Science and Engineering,Un-Aided,Dr. Babasaheb Ambedkar Marathwada University
02131,0213137210,Electronics and Telecommunication Engg,Un-Aided,Dr. Babasaheb Ambedkar Marathwada University
02131,0213161210,Mechanical Engineering,Un-Aided,Dr. Babasaheb Ambedkar Marathwada University
02133,0213319110,Civil Engineering,Un-Aided,Dr. Babasaheb Ambedkar Marathwada University
02133,0213324210,Computer Science and Engineering,Un-Aided,Dr. Babasaheb Ambedkar Marathwada University
02133,0213329310,Electrical Engineering,Un-Aided,Dr. Babasaheb Ambedkar Marathwada University
02133,0213337210,Electronics and Telecommunication Engg,Un-Aided,Dr. Babasaheb Ambedkar Marathwada University
02133,0213361210,Mechanical Engineering,Un-Aided,Dr. Babasaheb Ambedkar Marathwada University
02133,0213391710,Data Science,Un-Aided,Dr. Babasaheb Ambedkar Marathwada University
02133,0213399710,Artificial Intelligence,Un-Aided,Dr. Babasaheb Ambedkar Marathwada University
02134,0213419110,Civil Engineering,Un-Aided Autonomous,Autonomous Institute
02134,0213424210,Computer Science and Engineering,Un-Aided Autonomous,Autonomous Institute
02134,0213429310,Electrical Engineering,Un-Aided Autonomous,Autonomous Institute
02134,0213437810,Electronics Engineering ( VLSI Design and Technology),Un-Aided Autonomous,Autonomous Institute
02134,0213461210,Mechanical Engineering,Un-Aided Autonomous,Autonomous Institute
02134,0213484410,Electronics and Computer Engineering,Un-Aided Autonomous,Autonomous Institute
02134,0213491210,Computer Science and Engineering(Data Science),Un-Aided Autonomous,Autonomous Institute
02135,0213519110,Civil Engineering,Un-Aided,Dr. Babasaheb Ambedkar Marathwada University
02135,0213524210,Computer Science and Engineering,Un-Aided,Dr. Babasaheb Ambedkar Marathwada University
02135,0213561210,Mechanical Engineering,Un-Aided,Dr. Babasaheb Ambedkar Marathwada University
02135,0213591110,Computer Science and Engineering(Artificial Intelligence and Machine Learning),Un-Aided,Dr. Babasaheb Ambedkar Marathwada University
02136,0213619110,Civil Engineering,Un-Aided,Dr. Babasaheb Ambedkar Marathwada University
02136,0213624210,Computer Science and Engineering,Un-Aided,Dr. Babasaheb Ambedkar Marathwada University
02136,0213624610,Information Technology,Un-Aided,Dr. Babasaheb Ambedkar Marathwada University
02136,0213629310,Electrical Engineering,Un-Aided,Dr. Babasaheb Ambedkar Marathwada University
02136,0213637210,Electronics and Telecommunication Engg,Un-Aided,Dr. Babasaheb Ambedkar Marathwada University
02136,0213661210,Mechanical Engineering,Un-Aided,Dr. Babasaheb Ambedkar Marathwada University
02136,0213691210,Computer Science and Engineering(Data Science),Un-Aided,Dr. Babasaheb Ambedkar Marathwada University
02136,0213692110,Artificial Intelligence and Machine Learning,Un-Aided,Dr. Babasaheb Ambedkar Marathwada University
02137,0213719110,Civil Engineering,Un-Aided,Dr. Babasaheb Ambedkar Marathwada University
02137,0213724210,Computer Science and Engineering,Un-Aided,Dr. Babasaheb Ambedkar Marathwada University
02137,0213729710,Electrical and Electronics Engineering,Un-Aided,Dr. Babasaheb Ambedkar Marathwada University
02137,0213761210,Mechanical Engineering,Un-Aided,Dr. Babasaheb Ambedkar Marathwada University
02138,0213819110,Civil Engineering,Un-Aided,Dr. Babasaheb Ambedkar Marathwada University
02138,0213824210,Computer Science and Engineering,Un-Aided,Dr. Babasaheb Ambedkar Marathwada University
02138,0213829310,Electrical Engineering,Un-Aided,Dr. Babasaheb Ambedkar Marathwada University
02138,0213861210,Mechanical Engineering,Un-Aided,Dr. Babasaheb Ambedkar Marathwada University
02146,0214619110,Civil Engineering,Un-Aided,Dr. Babasaheb Ambedkar Marathwada University
02146,0214624210,Computer Science and Engineering,Un-Aided,Dr. Babasaheb Ambedkar Marathwada University
02146,0214629710,Electrical and Electronics Engineering,Un-Aided,Dr. Babasaheb Ambedkar Marathwada University
02146,0214637210,Electronics and Telecommunication Engg,Un-Aided,Dr. Babasaheb Ambedkar Marathwada University
02146,0214661210,Mechanical Engineering,Un-Aided,Dr. Babasaheb Ambedkar Marathwada University
02189,0218919110,Civil Engineering,Un-Aided,"Swami Ramanand Teerth Marathwada University, Nanded"
02189,0218937210,Electronics and Telecommunication Engg,Un-Aided,"Swami Ramanand Teerth Marathwada University, Nanded"
02189,0218992510,Computer Science and Engineering (Artificial Intelligence and Data Science),Un-Aided,"Swami Ramanand Teerth Marathwada University, Nanded"
02250,0225019110,Civil Engineering,Un-Aided,Dr. Babasaheb Ambedkar Marathwada University
02250,0225024210,Computer Science and Engineering,Un-Aided,Dr. Babasaheb Ambedkar Marathwada University
02250,0225029310,Electrical Engineering,Un-Aided,Dr. Babasaheb Ambedkar Marathwada University
02250,0225037210,Electronics and Telecommunication Engg,Un-Aided,Dr. Babasaheb Ambedkar Marathwada University
02250,0225061210,Mechanical Engineering,Un-Aided,Dr. Babasaheb Ambedkar Marathwada University
02250,0225099510,Artificial Intelligence and Data Science,Un-Aided,Dr. Babasaheb Ambedkar Marathwada University
02252,0225219110,Civil Engineering,Un-Aided,"Swami Ramanand Teerth Marathwada University, Nanded"
02252,0225224210,Computer Science and Engineering,Un-Aided,"Swami Ramanand Teerth Marathwada University, Nanded"
02252,0225229710,Electrical and Electronics Engineering,Un-Aided,"Swami Ramanand Teerth Marathwada University, Nanded"
02252,0225261210,Mechanical Engineering,Un-Aided,"Swami Ramanand Teerth Marathwada University, Nanded"
02254,0225419110,Civil Engineering,Un-Aided,"Swami Ramanand Teerth Marathwada University, Nanded"
02254,0225424510,Computer Engineering,Un-Aided,"Swami Ramanand Teerth Marathwada University, Nanded"
02254,0225424610,Information Technology,Un-Aided,"Swami Ramanand Teerth Marathwada University, Nanded"
02254,0225429310,Electrical Engineering,Un-Aided,"Swami Ramanand Teerth Marathwada University, Nanded"
02254,0225437210,Electronics and Telecommunication Engg,Un-Aided,"Swami Ramanand Teerth Marathwada University, Nanded"
02254,0225461210,Mechanical Engineering,Un-Aided,"Swami Ramanand Teerth Marathwada University, Nanded"
02282,0228219110,Civil Engineering,Un-Aided,Dr. Babasaheb Ambedkar Marathwada University
02282,0228224510,Computer Engineering,Un-Aided,Dr. Babasaheb Ambedkar Marathwada University
02282,0228224610,Information Technology,Un-Aided,Dr. Babasaheb Ambedkar Marathwada University
02282,0228229310,Electrical Engineering,Un-Aided,Dr. Babasaheb Ambedkar Marathwada University
02282,0228290010,Electronics and Computer Science,Un-Aided,Dr. Babasaheb Ambedkar Marathwada University
02508,0250824210,Computer Science and Engineering,Un-Aided,"Swami Ramanand Teerth Marathwada University, Nanded"
02508,0250850310,Food Technology,Un-Aided,"Swami Ramanand Teerth Marathwada University, Nanded"
02508,0250890610,Civil Engineering (Structural Engineering),Un-Aided,Autonomous Institute
02508,0250890710,Food Engineering,Un-Aided,Autonomous Institute
02508,0250890810,Mechanical and Automation Engineering,Un-Aided,Autonomous Institute
02508,0250890910,Electronics & Telecommunication Engineering,Un-Aided,Autonomous Institute
02508,0250891110,Computer Science and Engineering(Artificial Intelligence and Machine Learning),Un-Aided,"Swami Ramanand Teerth Marathwada University, Nanded"
02508,0250891410,Safety and Fire Engineering,Un-Aided,"Swami Ramanand Teerth Marathwada University, Nanded"
02508,0250893710,Electrical Engineering,Un-Aided,Autonomous Institute
02516,0251624210,Computer Science and Engineering,Un-Aided,Dr. Babasaheb Ambedkar Marathwada University
02516,0251629710,Electrical and Electronics Engineering,Un-Aided,Dr. Babasaheb Ambedkar Marathwada University
02516,0251661210,Mechanical Engineering,Un-Aided,Dr. Babasaheb Ambedkar Marathwada University
02516,0251692110,Artificial Intelligence and Machine Learning,Un-Aided,Dr. Babasaheb Ambedkar Marathwada University
02522,0252219110,Civil Engineering,Un-Aided,"Swami Ramanand Teerth Marathwada University, Nanded"
02522,0252224510,Computer Engineering,Un-Aided,"Swami Ramanand Teerth Marathwada University, Nanded"
02522,0252224610,Information Technology,Un-Aided,"Swami Ramanand Teerth Marathwada University, Nanded"
02522,0252237010,Electronics and Communication Engineering,Un-Aided,"Swami Ramanand Teerth Marathwada University, Nanded"
02522,0252261210,Mechanical Engineering,Un-Aided,"Swami Ramanand Teerth Marathwada University, Nanded"
02522,0252291610,Automation and Robotics,Un-Aided,"Swami Ramanand Teerth Marathwada University, Nanded"
02522,0252299510,Artificial Intelligence and Data Science,Un-Aided,"Swami Ramanand Teerth Marathwada University, Nanded"
02533,0253319110,Civil Engineering,Un-Aided,Dr. Babasaheb Ambedkar Marathwada University
02533,0253324210,Computer Science and Engineering,Un-Aided,Dr. Babasaheb Ambedkar Marathwada University
02533,0253329310,Electrical Engineering,Un-Aided,Dr. Babasaheb Ambedkar Marathwada University
02533,0253337810,Electronics Engineering ( VLSI Design and Technology),Un-Aided,Dr. Babasaheb Ambedkar Marathwada University
02533,0253361210,Mechanical Engineering,Un-Aided,Dr. Babasaheb Ambedkar Marathwada University
02533,0253384410,Electronics and Computer Engineering,Un-Aided,Dr. Babasaheb Ambedkar Marathwada University
02533,0253392810,Electronics and Communication(Advanced Communication Technology),Un-Aided,Dr. Babasaheb Ambedkar Marathwada University
02533,0253399510,Artificial Intelligence and Data Science,Un-Aided,Dr. Babasaheb Ambedkar Marathwada University
02634,0263419110,Civil Engineering,Un-Aided,Dr. Babasaheb Ambedkar Marathwada University
02634,0263424510,Computer Engineering,Un-Aided,Dr. Babasaheb Ambedkar Marathwada University
02634,0263429310,Electrical Engineering,Un-Aided,Dr. Babasaheb Ambedkar Marathwada University
02634,0263492110,Artificial Intelligence and Machine Learning,Un-Aided,Dr. Babasaheb Ambedkar Marathwada University
02637,0263719110,Civil Engineering,Un-Aided,"Swami Ramanand Teerth Marathwada University, Nanded"
02637,0263724510,Computer Engineering,Un-Aided,"Swami Ramanand Teerth Marathwada University, Nanded"
02637,0263737210,Electronics and Telecommunication Engg,Un-Aided,"Swami Ramanand Teerth Marathwada University, Nanded"
02637,0263799710,Artificial Intelligence,Un-Aided,"Swami Ramanand Teerth Marathwada University, Nanded"
02641,0264119110,Civil Engineering,Un-Aided,Dr. Babasaheb Ambedkar Marathwada University
02641,0264124210,Computer Science and Engineering,Un-Aided,Dr. Babasaheb Ambedkar Marathwada University
02641,0264129310,Electrical Engineering,Un-Aided,Dr. Babasaheb Ambedkar Marathwada University
02641,0264161210,Mechanical Engineering,Un-Aided,Dr. Babasaheb Ambedkar Marathwada University
02641,0264199710,Artificial Intelligence,Un-Aided,Dr. Babasaheb Ambedkar Marathwada University
02666,0266624210,Computer Science and Engineering,Un-Aided,Dr. Babasaheb Ambedkar Marathwada University
02666,0266624610,Information Technology,Un-Aided,Dr. Babasaheb Ambedkar Marathwada University
02666,0266656610,Computer Science,Un-Aided,Dr. Babasaheb Ambedkar Marathwada University
02666,0266692110,Artificial Intelligence and Machine Learning,Un-Aided,Dr. Babasaheb Ambedkar Marathwada University
02758,0275824210,Computer Science and Engineering,Un-Aided,Dr. Babasaheb Ambedkar Marathwada University
02758,0275829310,Electrical Engineering,Un-Aided,Dr. Babasaheb Ambedkar Marathwada University
02758,0275861210,Mechanical Engineering,Un-Aided,Dr. Babasaheb Ambedkar Marathwada University
02758,0275899710,Artificial Intelligence,Un-Aided,Dr. Babasaheb Ambedkar Marathwada University
02770,0277019110,Civil Engineering,Un-Aided,Dr. Babasaheb Ambedkar Marathwada University
02770,0277024510,Computer Engineering,Un-Aided,Dr. Babasaheb Ambedkar Marathwada University
02770,0277029310,Electrical Engineering,Un-Aided,Dr. Babasaheb Ambedkar Marathwada University
02770,0277061210,Mechanical Engineering,Un-Aided,Dr. Babasaheb Ambedkar Marathwada University
02770,0277099510,Artificial Intelligence and Data Science,Un-Aided,Dr. Babasaheb Ambedkar Marathwada University
02771,0277124210,Computer Science and Engineering,Un-Aided Religious Minority - Jain,Dr. Babasaheb Ambedkar Marathwada University
02771,0277124610,Information Technology,Un-Aided Religious Minority - Jain,Dr. Babasaheb Ambedkar Marathwada University
02771,0277137210,Electronics and Telecommunication Engg,Un-Aided Religious Minority - Jain,Dr. Babasaheb Ambedkar Marathwada University
02771,0277199510,Artificial Intelligence and Data Science,Un-Aided Religious Minority - Jain,Dr. Babasaheb Ambedkar Marathwada University
02772,0277219110,Civil Engineering,Un-Aided,"Swami Ramanand Teerth Marathwada University, Nanded"
02772,0277224510,Computer Engineering,Un-Aided,"Swami Ramanand Teerth Marathwada University, Nanded"
02772,0277237210,Electronics and Telecommunication Engg,Un-Aided,"Swami Ramanand Teerth Marathwada University, Nanded"
02772,0277292110,Artificial Intelligence and Machine Learning,Un-Aided,"Swami Ramanand Teerth Marathwada University, Nanded"
02777,0277724210,Computer Science and Engineering,Un-Aided,Dr. Babasaheb Ambedkar Marathwada University
02777,0277724610,Information Technology,Un-Aided,Dr. Babasaheb Ambedkar Marathwada University
02777,0277737210,Electronics and Telecommunication Engg,Un-Aided,Dr. Babasaheb Ambedkar Marathwada University
02777,0277761210,Mechanical Engineering,Un-Aided,Dr. Babasaheb Ambedkar Marathwada University
02777,0277799710,Artificial Intelligence,Un-Aided,Dr. Babasaheb Ambedkar Marathwada University
02779,0277919110,Civil Engineering,Un-Aided,Dr. Babasaheb Ambedkar Marathwada University
02779,0277924210,Computer Science and Engineering,Un-Aided,Dr. Babasaheb Ambedkar Marathwada University
02779,0277924610,Information Technology,Un-Aided,Dr. Babasaheb Ambedkar Marathwada University
02779,0277937210,Electronics and Telecommunication Engg,Un-Aided,Dr. Babasaheb Ambedkar Marathwada University
02779,0277999510,Artificial Intelligence and Data Science,Un-Aided,Dr. Babasaheb Ambedkar Marathwada University
02805,0280524610,Information Technology,Un-Aided,Dr. Babasaheb Ambedkar Marathwada University
02805,0280537210,Electronics and Telecommunication Engg,Un-Aided,Dr. Babasaheb Ambedkar Marathwada University
02805,0280556610,Computer Science,Un-Aided,Dr. Babasaheb Ambedkar Marathwada University
02805,0280599510,Artificial Intelligence and Data Science,Un-Aided,Dr. Babasaheb Ambedkar Marathwada University
03012,0301219110,Civil Engineering,Government-Aided Autonomous,Autonomous Institute
03012,0301224510,Computer Engineering,Government-Aided Autonomous,Autonomous Institute
03012,0301224610,Information Technology,Government-Aided Autonomous,Autonomous Institute
03012,0301229310,Electrical Engineering,Government-Aided Autonomous,Autonomous Institute
03012,0301237210,Electronics and Telecommunication Engg,Government-Aided Autonomous,Autonomous Institute
03012,0301237610,Electronics Engineering,Government-Aided Autonomous,Autonomous Institute
03012,0301261210,Mechanical Engineering,Government-Aided Autonomous,Autonomous Institute
03012,0301262610,Production Engineering[Sandwich],Government-Aided Autonomous,Autonomous Institute
03012,0301289610,Textile Technology,Government-Aided Autonomous,Autonomous Institute
03014,0301419110,Civil Engineering,Government-Aided Autonomous,Autonomous Institute
03014,0301429310,Electrical Engineering,Government-Aided Autonomous,Autonomous Institute
03014,0301461210,Mechanical Engineering,Government-Aided Autonomous,Autonomous Institute
03025,0302524270U,Computer Science and Engineering,Un-Aided Linguistic Minority - Gujarathi,Mumbai University
03025,0302524570U,Computer Engineering,Un-Aided Linguistic Minority - Gujarathi,Mumbai University
03025,0302524670U,Information Technology,Un-Aided Linguistic Minority - Gujarathi,Mumbai University
03025,0302591170U,Computer Science and Engineering(Artificial Intelligence and Machine Learning),Un-Aided Linguistic Minority - Gujarathi,Mumbai University
03033,0303319110,Civil Engineering,University,"Dr. Babasaheb Ambedkar Technological University,Lonere"
03033,0303319113K,Civil Engineering,University,"Dr. Babasaheb Ambedkar Technological University,Lonere"
03033,0303324510,Computer Engineering,University,"Dr. Babasaheb Ambedkar Technological University,Lonere"
03033,0303324513K,Computer Engineering,University,"Dr. Babasaheb Ambedkar Technological University,Lonere"
03033,0303324610,Information Technology,University,"Dr. Babasaheb Ambedkar Technological University,Lonere"
03033,0303324613K,Information Technology,University,"Dr. Babasaheb Ambedkar Technological University,Lonere"
03033,0303329310,Electrical Engineering,University,"Dr. Babasaheb Ambedkar Technological University,Lonere"
03033,0303329313K,Electrical Engineering,University,"Dr. Babasaheb Ambedkar Technological University,Lonere"
03033,0303337210,Electronics and Telecommunication Engg,University,"Dr. Babasaheb Ambedkar Technological University,Lonere"
03033,0303337213K,Electronics and Telecommunication Engg,University,"Dr. Babasaheb Ambedkar Technological University,Lonere"
03033,0303337290L,Electronics and Telecommunication Engg,University,"Dr. Babasaheb Ambedkar Technological University,Lonere"
03033,0303337293LK,Electronics and Telecommunication Engg,University,"Dr. Babasaheb Ambedkar Technological University,Lonere"
03033,0303337810,Electronics Engineering ( VLSI Design and Technology),University,"Dr. Babasaheb Ambedkar Technological University,Lonere"
03033,0303337813K,Electronics Engineering ( VLSI Design and Technology),University,"Dr. Babasaheb Ambedkar Technological University,Lonere"
03033,0303350710,Chemical Engineering,University,"Dr. Babasaheb Ambedkar Technological University,Lonere"
03033,0303350713K,Chemical Engineering,University,"Dr. Babasaheb Ambedkar Technological University,Lonere"
03033,0303352710,Petro Chemical Engineering,University,"Dr. Babasaheb Ambedkar Technological University,Lonere"
03033,0303352713K,Petro Chemical Engineering,University,"Dr. Babasaheb Ambedkar Technological University,Lonere"
03033,0303361210,Mechanical Engineering,University,"Dr. Babasaheb Ambedkar Technological University,Lonere"
03033,0303361213K,Mechanical Engineering,University,"Dr. Babasaheb Ambedkar Technological University,Lonere"
03033,0303390510,Computer Science and Engineering,University,"Dr. Babasaheb Ambedkar Technological University,Lonere"
03033,0303390513K,Computer Science and Engineering,University,"Dr. Babasaheb Ambedkar Technological University,Lonere"
03035,0303524550F,Computer Engineering,University Managed (Un-Aided),SNDT Women's University
03035,0303524650F,Information Technology,University Managed (Un-Aided),SNDT Women's University
03035,0303525450F,Computer Science and Technology,University Managed (Un-Aided),SNDT Women's University
03035,0303537050F,Electronics and Communication Engineering,University Managed (Un-Aided),SNDT Women's University
03035,0303591750F,Data Science,University Managed (Un-Aided),SNDT Women's University
03035,0303599750F,Artificial Intelligence,University Managed (Un-Aided),SNDT Women's University
03036,0303650710,Chemical Engineering,Deemed to be University Autonomous,Deemed to be University
03036,0303651110,Dyestuff Technology,Deemed to be University Autonomous,Deemed to be University
03036,0303651210,"Oil,Oleochemicals and Surfactants Technology",Deemed to be University Autonomous,Deemed to be University
03036,0303651310,Pharmaceuticals Chemistry and Technology,Deemed to be University Autonomous,Deemed to be University
03036,0303651410,Fibres and Textile Processing Technology,Deemed to be University Autonomous,Deemed to be University
03036,0303651910,Polymer Engineering and Technology,Deemed to be University Autonomous,Deemed to be University
03036,0303653410,Food Engineering and Technology,Deemed to be University Autonomous,Deemed to be University
03036,0303672910,Surface Coating Technology,Deemed to be University Autonomous,Deemed to be University
03042,0304229310,Electrical Engineering,Government,Mumbai University
03042,0304250410,Food Technology And Management,Government,Mumbai University
03042,0304262410,Mechatronics Engineering,Government,Mumbai University
03042,0304291810,Civil and infrastructure Engineering,Government,Mumbai University
03042,0304299510,Artificial Intelligence and Data Science,Government,Mumbai University
03135,0313524510,Computer Engineering,Un-Aided,Mumbai University
03135,0313524610,Information Technology,Un-Aided,Mumbai University
03135,0313537210,Electronics and Telecommunication Engg,Un-Aided,Mumbai University
03135,0313561210,Mechanical Engineering,Un-Aided,Mumbai University
03135,0313599510,Artificial Intelligence and Data Science,Un-Aided,Mumbai University
03139,0313924510,Computer Engineering,Un-Aided Autonomous,Autonomous Institute
03139,0313924610,Information Technology,Un-Aided Autonomous,Autonomous Institute
03139,0313937210,Electronics and Telecommunication Engg,Un-Aided Autonomous,Autonomous Institute
03139,0313946110,Bio Medical Engineering,Un-Aided Autonomous,Autonomous Institute
03139,0313990010,Electronics and Computer Science,Un-Aided Autonomous,Autonomous Institute
03143,0314324510,Computer Engineering,Un-Aided Linguistic Minority - Hindi,Mumbai University
03143,0314324610,Information Technology,Un-Aided Linguistic Minority - Hindi,Mumbai University
03143,0314361210,Mechanical Engineering,Un-Aided Linguistic Minority - Hindi,Mumbai University
03143,0314384410,Electronics and Computer Engineering,Un-Aided Linguistic Minority - Hindi,Mumbai University
03143,0314391110,Computer Science and Engineering(Artificial Intelligence and Machine Learning),Un-Aided Linguistic Minority - Hindi,Mumbai University
03146,0314600210,Aeronautical Engineering,Un-Aided,Mumbai University
03146,0314624510,Computer Engineering,Un-Aided,Mumbai University
03146,0314624610,Information Technology,Un-Aided,Mumbai University
03146,0314629310,Electrical Engineering,Un-Aided,Mumbai University
03146,0314637210,Electronics and Telecommunication Engg,Un-Aided,Mumbai University
03146,0314661210,Mechanical Engineering,Un-Aided,Mumbai University
03146,0314692010,Computer Science and Engineering (Internet of Things and Cyber Security Including Block Chain Technology),Un-Aided,Mumbai University
03146,0314699510,Artificial Intelligence and Data Science,Un-Aided,Mumbai University
03147,0314719110,Civil Engineering,Un-Aided,Mumbai University
03147,0314721910,Robotics and Automation,Un-Aided,Mumbai University
03147,0314724510,Computer Engineering,Un-Aided,Mumbai University
03147,0314724610,Information Technology,Un-Aided,Mumbai University
03147,0314725310,Internet of Things (IoT),Un-Aided,Mumbai University
03147,0314729310,Electrical Engineering,Un-Aided,Mumbai University
03147,0314761210,Mechanical Engineering,Un-Aided,Mumbai University
03147,0314791710,Data Science,Un-Aided,Mumbai University
03147,0314792110,Artificial Intelligence and Machine Learning,Un-Aided,Mumbai University
03148,0314824510,Computer Engineering,Un-Aided Autonomous Linguistic Minority - Gujarathi(Jain),Autonomous Institute
03148,0314824610,Information Technology,Un-Aided Autonomous Linguistic Minority - Gujarathi(Jain),Autonomous Institute
03148,0314825210,Cyber Security,Un-Aided Autonomous Linguistic Minority - Gujarathi(Jain),Autonomous Institute
03148,0314837210,Electronics and Telecommunication Engg,Un-Aided Autonomous Linguistic Minority - Gujarathi(Jain),Autonomous Institute
03148,0314837810,Electronics Engineering ( VLSI Design and Technology),Un-Aided Autonomous Linguistic Minority - Gujarathi(Jain),Autonomous Institute
03148,0314890010,Electronics and Computer Science,Un-Aided Autonomous Linguistic Minority - Gujarathi(Jain),Autonomous Institute
03148,0314893310,Electronics and Communication (Advanced Communication Technology),Un-Aided Autonomous Linguistic Minority - Gujarathi(Jain),Autonomous Institute
03148,0314899510,Artificial Intelligence and Data Science,Un-Aided Autonomous Linguistic Minority - Gujarathi(Jain),Autonomous Institute
03154,0315419110,Civil Engineering,Un-Aided Autonomous,Autonomous Institute
03154,0315424510,Computer Engineering,Un-Aided Autonomous,Autonomous Institute
03154,0315424610,Information Technology,Un-Aided Autonomous,Autonomous Institute
03154,0315460210,Automobile Engineering,Un-Aided Autonomous,Autonomous Institute
03154,0315461210,Mechanical Engineering,Un-Aided Autonomous,Autonomous Institute
03154,0315491110,Computer Science and Engineering(Artificial Intelligence and Machine Learning),Un-Aided Autonomous,Autonomous Institute
03154,0315491210,Computer Science and Engineering(Data Science),Un-Aided Autonomous,Autonomous Institute
03175,0317519110,Civil Engineering,Un-Aided,Mumbai University
03175,0317524510,Computer Engineering,Un-Aided,Mumbai University
03175,0317524610,Information Technology,Un-Aided,Mumbai University
03175,0317529310,Electrical Engineering,Un-Aided,Mumbai University
03175,0317537210,Electronics and Telecommunication Engg,Un-Aided,Mumbai University
03175,0317546110,Bio Medical Engineering,Un-Aided,Mumbai University
03175,0317550710,Chemical Engineering,Un-Aided,Mumbai University
03175,0317561210,Mechanical Engineering,Un-Aided,Mumbai University
03175,0317591110,Computer Science and Engineering(Artificial Intelligence and Machine Learning),Un-Aided,Mumbai University
03175,0317591210,Computer Science and Engineering(Data Science),Un-Aided,Mumbai University
03175,0317591610,Automation and Robotics,Un-Aided,Mumbai University
03176,0317619110,Civil Engineering,Un-Aided Autonomous Linguistic Minority - Hindi,Autonomous Institute
03176,0317624510,Computer Engineering,Un-Aided Autonomous Linguistic Minority - Hindi,Autonomous Institute
03176,0317624610,Information Technology,Un-Aided Autonomous Linguistic Minority - Hindi,Autonomous Institute
03176,0317625910,Mechanical and Mechatronics Engineering (Additive Manufacturing),Un-Aided Autonomous Linguistic Minority - Hindi,Autonomous Institute
03176,0317626710,Computer Science and Engineering (IoT),Un-Aided Autonomous Linguistic Minority - Hindi,Autonomous Institute
03176,0317637210,Electronics and Telecommunication Engg,Un-Aided Autonomous Linguistic Minority - Hindi,Autonomous Institute
03176,0317661210,Mechanical Engineering,Un-Aided Autonomous Linguistic Minority - Hindi,Autonomous Institute
03176,0317690010,Electronics and Computer Science,Un-Aided Autonomous Linguistic Minority - Hindi,Autonomous Institute
03176,0317691010,Computer Science and Engineering(Cyber Security),Un-Aided Autonomous Linguistic Minority - Hindi,Autonomous Institute
03176,0317692110,Artificial Intelligence and Machine Learning,Un-Aided Autonomous Linguistic Minority - Hindi,Autonomous Institute
03176,0317699510,Artificial Intelligence and Data Science,Un-Aided Autonomous Linguistic Minority - Hindi,Autonomous Institute
03182,0318224510,Computer Engineering,Un-Aided Linguistic Minority - Sindhi,Mumbai University
03182,0318224610,Information Technology,Un-Aided Linguistic Minority - Sindhi,Mumbai University
03182,0318237210,Electronics and Telecommunication Engg,Un-Aided Linguistic Minority - Sindhi,Mumbai University
03182,0318250710,Chemical Engineering,Un-Aided Linguistic Minority - Sindhi,Mumbai University
03182,0318299510,Artificial Intelligence and Data Science,Un-Aided Linguistic Minority - Sindhi,Mumbai University
03183,0318319110,Civil Engineering,Un-Aided Religious Minority - Muslim,Mumbai University
03183,0318324510,Computer Engineering,Un-Aided Religious Minority - Muslim,Mumbai University
03183,0318324610,Information Technology,Un-Aided Religious Minority - Muslim,Mumbai University
03183,0318337210,Electronics and Telecommunication Engg,Un-Aided Religious Minority - Muslim,Mumbai University
03183,0318361210,Mechanical Engineering,Un-Aided Religious Minority - Muslim,Mumbai University
03183,0318361610,Mechanical Engineering Automobile,Un-Aided Religious Minority - Muslim,Mumbai University
03183,0318391110,Computer Science and Engineering(Artificial Intelligence and Machine Learning),Un-Aided Religious Minority - Muslim,Mumbai University
03183,0318392010,Computer Science and Engineering (Internet of Things and Cyber Security Including Block Chain Technology),Un-Aided Religious Minority - Muslim,Mumbai University
03184,0318424210,Computer Science and Engineering,Un-Aided Autonomous Religious Minority - Christian,Autonomous Institute
03184,0318424510,Computer Engineering,Un-Aided Autonomous Religious Minority - Christian,Autonomous Institute
03184,0318461210,Mechanical Engineering,Un-Aided Autonomous Religious Minority - Christian,Autonomous Institute
03184,0318490010,Electronics and Computer Science,Un-Aided Autonomous Religious Minority - Christian,Autonomous Institute
03185,0318524510,Computer Engineering,Un-Aided Autonomous Linguistic Minority - Sindhi,Autonomous Institute
03185,0318524610,Information Technology,Un-Aided Autonomous Linguistic Minority - Sindhi,Autonomous Institute
03185,0318537210,Electronics and Telecommunication Engg,Un-Aided Autonomous Linguistic Minority - Sindhi,Autonomous Institute
03185,0318590010,Electronics and Computer Science,Un-Aided Autonomous Linguistic Minority - Sindhi,Autonomous Institute
03185,0318591610,Automation and Robotics,Un-Aided Autonomous Linguistic Minority - Sindhi,Autonomous Institute
03185,0318599510,Artificial Intelligence and Data Science,Un-Aided Autonomous Linguistic Minority - Sindhi,Autonomous Institute
03187,0318719110,Civil Engineering,Un-Aided,Mumbai University
03187,0318724510,Computer Engineering,Un-Aided,Mumbai University
03187,0318724610,Information Technology,Un-Aided,Mumbai University
03187,0318737210,Electronics and Telecommunication Engg,Un-Aided,Mumbai University
03187,0318750710,Chemical Engineering,Un-Aided,Mumbai University
03187,0318761210,Mechanical Engineering,Un-Aided,Mumbai University
03187,0318791810,Civil and infrastructure Engineering,Un-Aided,Mumbai University
03187,0318799510,Artificial Intelligence and Data Science,Un-Aided,Mumbai University
03188,0318824510,Computer Engineering,Un-Aided Autonomous,Autonomous Institute
03188,0318824610,Information Technology,Un-Aided Autonomous,Autonomous Institute
03188,0318837210,Electronics and Telecommunication Engg,Un-Aided Autonomous,Autonomous Institute
03188,0318862410,Mechatronics Engineering,Un-Aided Autonomous,Autonomous Institute
03188,0318890010,Electronics and Computer Science,Un-Aided Autonomous,Autonomous Institute
03188,0318891110,Computer Science and Engineering(Artificial Intelligence and Machine Learning),Un-Aided Autonomous,Autonomous Institute
03189,0318924510,Computer Engineering,Un-Aided,Mumbai University
03189,0318924610,Information Technology,Un-Aided,Mumbai University
03189,0318937210,Electronics and Telecommunication Engg,Un-Aided,Mumbai University
03189,0318946610,Instrumentation Engineering,Un-Aided,Mumbai University
03189,0318950710,Chemical Engineering,Un-Aided,Mumbai University
03189,0318961210,Mechanical Engineering,Un-Aided,Mumbai University
03190,0319019110,Civil Engineering,Un-Aided Autonomous,Autonomous Institute
03190,0319024510,Computer Engineering,Un-Aided Autonomous,Autonomous Institute
03190,0319024610,Information Technology,Un-Aided Autonomous,Autonomous Institute
03190,0319026310,Artificial Intelligence (AI) and Data Science,Un-Aided Autonomous,Autonomous Institute
03190,0319037210,Electronics and Telecommunication Engg,Un-Aided Autonomous,Autonomous Institute
03190,0319037610,Electronics Engineering,Un-Aided Autonomous,Autonomous Institute
03190,0319061210,Mechanical Engineering,Un-Aided Autonomous,Autonomous Institute
03190,0319062410,Mechatronics Engineering,Un-Aided Autonomous,Autonomous Institute
03192,0319224510,Computer Engineering,Un-Aided Autonomous,Autonomous Institute
03192,0319226310,Artificial Intelligence (AI) and Data Science,Un-Aided Autonomous,Autonomous Institute
03192,0319229310,Electrical Engineering,Un-Aided Autonomous,Autonomous Institute
03192,0319261210,Mechanical Engineering,Un-Aided Autonomous,Autonomous Institute
03192,0319291110,Computer Science and Engineering(Artificial Intelligence and Machine Learning),Un-Aided Autonomous,Autonomous Institute
03192,0319292010,Computer Science and Engineering (Internet of Things and Cyber Security Including Block Chain Technology),Un-Aided Autonomous,Autonomous Institute
03193,0319324510,Computer Engineering,Un-Aided,Mumbai University
03193,0319324610,Information Technology,Un-Aided,Mumbai University
03193,0319337210,Electronics and Telecommunication Engg,Un-Aided,Mumbai University
03193,0319350710,Chemical Engineering,Un-Aided,Mumbai University
03193,0319361210,Mechanical Engineering,Un-Aided,Mumbai University
03193,0319392110,Artificial Intelligence and Machine Learning,Un-Aided,Mumbai University
03194,0319419110,Civil Engineering,Un-Aided Autonomous,Autonomous Institute
03194,0319424510,Computer Engineering,Un-Aided Autonomous,Autonomous Institute
03194,0319424610,Information Technology,Un-Aided Autonomous,Autonomous Institute
03194,0319437210,Electronics and Telecommunication Engg,Un-Aided Autonomous,Autonomous Institute
03194,0319461210,Mechanical Engineering,Un-Aided Autonomous,Autonomous Institute
03194,0319491210,Computer Science and Engineering(Data Science),Un-Aided Autonomous,Autonomous Institute
03194,0319499510,Artificial Intelligence and Data Science,Un-Aided Autonomous,Autonomous Institute
03196,0319624510,Computer Engineering,Un-Aided Autonomous Linguistic Minority - Hindi,Autonomous Institute
03196,0319629310,Electrical Engineering,Un-Aided Autonomous Linguistic Minority - Hindi,Autonomous Institute
03196,0319637210,Electronics and Telecommunication Engg,Un-Aided Autonomous Linguistic Minority - Hindi,Autonomous Institute
03196,0319661210,Mechanical Engineering,Un-Aided Autonomous Linguistic Minority - Hindi,Autonomous Institute
03196,0319691110,Computer Science and Engineering(Artificial Intelligence and Machine Learning),Un-Aided Autonomous Linguistic Minority - Hindi,Autonomous Institute
03196,0319691210,Computer Science and Engineering(Data Science),Un-Aided Autonomous Linguistic Minority - Hindi,Autonomous Institute
03196,0319692010,Computer Science and Engineering (Internet of Things and Cyber Security Including Block Chain Technology),Un-Aided Autonomous Linguistic Minority - Hindi,Autonomous Institute
03197,0319724210,Computer Science and Engineering,Un-Aided Autonomous Religious Minority - Christian,Autonomous Institute
03197,0319724510,Computer Engineering,Un-Aided Autonomous Religious Minority - Christian,Autonomous Institute
03197,0319729310,Electrical Engineering,Un-Aided Autonomous Religious Minority - Christian,Autonomous Institute
03197,0319737210,Electronics and Telecommunication Engg,Un-Aided Autonomous Religious Minority - Christian,Autonomous Institute
03197,0319761210,Mechanical Engineering,Un-Aided Autonomous Religious Minority - Christian,Autonomous Institute
03198,0319824210,Computer Science and Engineering,Un-Aided,Mumbai University
03198,0319824510,Computer Engineering,Un-Aided,Mumbai University
03198,0319824610,Information Technology,Un-Aided,Mumbai University
03198,0319861210,Mechanical Engineering,Un-Aided,Mumbai University
03198,0319899510,Artificial Intelligence and Data Science,Un-Aided,Mumbai University
03199,0319924510,Computer Engineering,Un-Aided Autonomous Linguistic Minority - Gujarathi,Autonomous Institute
03199,0319924610,Information Technology,Un-Aided Autonomous Linguistic Minority - Gujarathi,Autonomous Institute
03199,0319926310,Artificial Intelligence (AI) and Data Science,Un-Aided Autonomous Linguistic Minority - Gujarathi,Autonomous Institute
03199,0319937210,Electronics and Telecommunication Engg,Un-Aided Autonomous Linguistic Minority - Gujarathi,Autonomous Institute
03199,0319961210,Mechanical Engineering,Un-Aided Autonomous Linguistic Minority - Gujarathi,Autonomous Institute
03199,0319991210,Computer Science and Engineering(Data Science),Un-Aided Autonomous Linguistic Minority - Gujarathi,Autonomous Institute
03199,0319992010,Computer Science and Engineering (Internet of Things and Cyber Security Including Block Chain Technology),Un-Aided Autonomous Linguistic Minority - Gujarathi,Autonomous Institute
03199,0319992110,Artificial Intelligence and Machine Learning,Un-Aided Autonomous Linguistic Minority - Gujarathi,Autonomous Institute
03200,0320024610,Information Technology,Un-Aided,Mumbai University
03200,0320029310,Electrical Engineering,Un-Aided,Mumbai University
03200,0320037210,Electronics and Telecommunication Engg,Un-Aided,Mumbai University
03200,0320050710,Chemical Engineering,Un-Aided,Mumbai University
03200,0320061210,Mechanical Engineering,Un-Aided,Mumbai University
03200,0320091010,Computer Science and Engineering(Cyber Security),Un-Aided,Mumbai University
03200,0320091110,Computer Science and Engineering(Artificial Intelligence and Machine Learning),Un-Aided,Mumbai University
03201,0320119110,Civil Engineering,Un-Aided Religious Minority - Muslim,Mumbai University
03201,0320124510,Computer Engineering,Un-Aided Religious Minority - Muslim,Mumbai University
03201,0320161210,Mechanical Engineering,Un-Aided Religious Minority - Muslim,Mumbai University
03201,0320190010,Electronics and Computer Science,Un-Aided Religious Minority - Muslim,Mumbai University
03201,0320199510,Artificial Intelligence and Data Science,Un-Aided Religious Minority - Muslim,Mumbai University
03202,0320224510,Computer Engineering,Un-Aided,Mumbai University
03202,0320260210,Automobile Engineering,Un-Aided,Mumbai University
03202,0320261210,Mechanical Engineering,Un-Aided,Mumbai University
03202,0320290010,Electronics and Computer Science,Un-Aided,Mumbai University
03203,0320324510,Computer Engineering,Un-Aided,Mumbai University
03203,0320324610,Information Technology,Un-Aided,Mumbai University
03203,0320329310,Electrical Engineering,Un-Aided,Mumbai University
03203,0320337210,Electronics and Telecommunication Engg,Un-Aided,Mumbai University
03203,0320390010,Electronics and Computer Science,Un-Aided,Mumbai University
03204,0320424510,Computer Engineering,Un-Aided Autonomous Religious Minority - Christian,Autonomous Institute
03204,0320424610,Information Technology,Un-Aided Autonomous Religious Minority - Christian,Autonomous Institute
03204,0320429310,Electrical Engineering,Un-Aided Autonomous Religious Minority - Christian,Autonomous Institute
03204,0320437210,Electronics and Telecommunication Engg,Un-Aided Autonomous Religious Minority - Christian,Autonomous Institute
03204,0320461210,Mechanical Engineering,Un-Aided Autonomous Religious Minority - Christian,Autonomous Institute
03204,0320490010,Electronics and Computer Science,Un-Aided Autonomous Religious Minority - Christian,Autonomous Institute
03204,0320492110,Artificial Intelligence and Machine Learning,Un-Aided Autonomous Religious Minority - Christian,Autonomous Institute
03206,0320624510,Computer Engineering,Un-Aided,Mumbai University
03206,0320629310,Electrical Engineering,Un-Aided,Mumbai University
03206,0320656610,Computer Science,Un-Aided,Mumbai University
03206,0320661210,Mechanical Engineering,Un-Aided,Mumbai University
03206,0320690010,Electronics and Computer Science,Un-Aided,Mumbai University
03206,0320691110,Computer Science and Engineering(Artificial Intelligence and Machine Learning),Un-Aided,Mumbai University
03208,0320824510,Computer Engineering,Un-Aided Autonomous Religious Minority - Roman Catholics,Autonomous Institute
03208,0320824610,Information Technology,Un-Aided Autonomous Religious Minority - Roman Catholics,Autonomous Institute
03208,0320837210,Electronics and Telecommunication Engg,Un-Aided Autonomous Religious Minority - Roman Catholics,Autonomous Institute
03208,0320861210,Mechanical Engineering,Un-Aided Autonomous Religious Minority - Roman Catholics,Autonomous Institute
03209,0320924510,Computer Engineering,Un-Aided Autonomous Linguistic Minority - Gujarathi,Autonomous Institute
03209,0320924610,Information Technology,Un-Aided Autonomous Linguistic Minority - Gujarathi,Autonomous Institute
03209,0320937210,Electronics and Telecommunication Engg,Un-Aided Autonomous Linguistic Minority - Gujarathi,Autonomous Institute
03209,0320999510,Artificial Intelligence and Data Science,Un-Aided Autonomous Linguistic Minority - Gujarathi,Autonomous Institute
03210,0321024230E,Computer Science and Engineering,Un-Aided Linguistic Minority - Punjabi,Mumbai University
03210,0321024510,Computer Engineering,Un-Aided Linguistic Minority - Punjabi,Mumbai University
03210,0321024610,Information Technology,Un-Aided Linguistic Minority - Punjabi,Mumbai University
03210,0321037210,Electronics and Telecommunication Engg,Un-Aided Linguistic Minority - Punjabi,Mumbai University
03210,0321090030E,Electronics and Computer Science,Un-Aided Linguistic Minority - Punjabi,Mumbai University
03210,0321091630E,Automation and Robotics,Un-Aided Linguistic Minority - Punjabi,Mumbai University
03210,0321092130E,Artificial Intelligence and Machine Learning,Un-Aided Linguistic Minority - Punjabi,Mumbai University
03211,0321124510,Computer Engineering,Un-Aided Autonomous Linguistic Minority - Tamil,Autonomous Institute
03211,0321124610,Information Technology,Un-Aided Autonomous Linguistic Minority - Tamil,Autonomous Institute
03211,0321126310,Artificial Intelligence (AI) and Data Science,Un-Aided Autonomous Linguistic Minority - Tamil,Autonomous Institute
03211,0321137210,Electronics and Telecommunication Engg,Un-Aided Autonomous Linguistic Minority - Tamil,Autonomous Institute
03211,0321190010,Electronics and Computer Science,Un-Aided Autonomous Linguistic Minority - Tamil,Autonomous Institute
03211,0321192010,Computer Science and Engineering (Internet of Things and Cyber Security Including Block Chain Technology),Un-Aided Autonomous Linguistic Minority - Tamil,Autonomous Institute
03211,0321192110,Artificial Intelligence and Machine Learning,Un-Aided Autonomous Linguistic Minority - Tamil,Autonomous Institute
03212,0321219110,Civil Engineering,Un-Aided Linguistic Minority - Sindhi,Mumbai University
03212,0321224510,Computer Engineering,Un-Aided Linguistic Minority - Sindhi,Mumbai University
03214,0321424510,Computer Engineering,Un-Aided Autonomous Religious Minority - Christian,Autonomous Institute
03214,0321424610,Information Technology,Un-Aided Autonomous Religious Minority - Christian,Autonomous Institute
03214,0321484410,Electronics and Computer Engineering,Un-Aided Autonomous Religious Minority - Christian,Autonomous Institute
03214,0321492010,Computer Science and Engineering (Internet of Things and Cyber Security Including Block Chain Technology),Un-Aided Autonomous Religious Minority - Christian,Autonomous Institute
03215,0321524210,Computer Science and Engineering,Un-Aided Autonomous,Autonomous Institute
03215,0321524510,Computer Engineering,Un-Aided Autonomous,Autonomous Institute
03215,0321537210,Electronics and Telecommunication Engg,Un-Aided Autonomous,Autonomous Institute
03216,0321619110,Civil Engineering,Un-Aided,Mumbai University
03216,0321624510,Computer Engineering,Un-Aided,Mumbai University
03216,0321626010,Computer Science and Engineering (Cyber Security),Un-Aided,Mumbai University
03216,0321637210,Electronics and Telecommunication Engg,Un-Aided,Mumbai University
03216,0321650710,Chemical Engineering,Un-Aided,Mumbai University
03216,0321661210,Mechanical Engineering,Un-Aided,Mumbai University
03216,0321691110,Computer Science and Engineering(Artificial Intelligence and Machine Learning),Un-Aided,Mumbai University
03217,0321719110,Civil Engineering,Un-Aided,Mumbai University
03217,0321724510,Computer Engineering,Un-Aided,Mumbai University
03217,0321737210,Electronics and Telecommunication Engg,Un-Aided,Mumbai University
03217,0321761210,Mechanical Engineering,Un-Aided,Mumbai University
03217,0321791610,Automation and Robotics,Un-Aided,Mumbai University
03218,0321819110,Civil Engineering,Un-Aided Autonomous Religious Minority - Christian,Autonomous Institute
03218,0321824510,Computer Engineering,Un-Aided Autonomous Religious Minority - Christian,Autonomous Institute
03218,0321824610,Information Technology,Un-Aided Autonomous Religious Minority - Christian,Autonomous Institute
03218,0321861210,Mechanical Engineering,Un-Aided Autonomous Religious Minority - Christian,Autonomous Institute
03218,0321890010,Electronics and Computer Science,Un-Aided Autonomous Religious Minority - Christian,Autonomous Institute
03218,0321891210,Computer Science and Engineering(Data Science),Un-Aided Autonomous Religious Minority - Christian,Autonomous Institute
03218,0321892110,Artificial Intelligence and Machine Learning,Un-Aided Autonomous Religious Minority - Christian,Autonomous Institute
03219,0321919110,Civil Engineering,Un-Aided Linguistic Minority - Hindi,Mumbai University
03219,0321924510,Computer Engineering,Un-Aided Linguistic Minority - Hindi,Mumbai University
03219,0321924610,Information Technology,Un-Aided Linguistic Minority - Hindi,Mumbai University
03219,0321929310,Electrical Engineering,Un-Aided Linguistic Minority - Hindi,Mumbai University
03219,0321937210,Electronics and Telecommunication Engg,Un-Aided Linguistic Minority - Hindi,Mumbai University
03219,0321961210,Mechanical Engineering,Un-Aided Linguistic Minority - Hindi,Mumbai University
03219,0321991110,Computer Science and Engineering(Artificial Intelligence and Machine Learning),Un-Aided Linguistic Minority - Hindi,Mumbai University
03220,0322019110,Civil Engineering,Un-Aided,Mumbai University
03220,0322024510,Computer Engineering,Un-Aided,Mumbai University
03220,0322024610,Information Technology,Un-Aided,Mumbai University
03220,0322025210,Cyber Security,Un-Aided,Mumbai University
03220,0322037210,Electronics and Telecommunication Engg,Un-Aided,Mumbai University
03220,0322061210,Mechanical Engineering,Un-Aided,Mumbai University
03220,0322092110,Artificial Intelligence and Machine Learning,Un-Aided,Mumbai University
03221,0322119110,Civil Engineering,Un-Aided Autonomous,Autonomous Institute
03221,0322124510,Computer Engineering,Un-Aided Autonomous,Autonomous Institute
03221,0322137210,Electronics and Telecommunication Engg,Un-Aided Autonomous,Autonomous Institute
03221,0322161210,Mechanical Engineering,Un-Aided Autonomous,Autonomous Institute
03221,0322191110,Computer Science and Engineering(Artificial Intelligence and Machine Learning),Un-Aided Autonomous,Autonomous Institute
03221,0322192610,Electrical and Computer Engineering,Un-Aided Autonomous,Autonomous Institute
03222,0322219110,Civil Engineering,Un-Aided Religious Minority - Muslim,Mumbai University
03222,0322224510,Computer Engineering,Un-Aided Religious Minority - Muslim,Mumbai University
03222,0322224610,Information Technology,Un-Aided Religious Minority - Muslim,Mumbai University
03222,0322229310,Electrical Engineering,Un-Aided Religious Minority - Muslim,Mumbai University
03222,0322260210,Automobile Engineering,Un-Aided Religious Minority - Muslim,Mumbai University
03222,0322261210,Mechanical Engineering,Un-Aided Religious Minority - Muslim,Mumbai University
03222,0322291110,Computer Science and Engineering(Artificial Intelligence and Machine Learning),Un-Aided Religious Minority - Muslim,Mumbai University
03223,0322319110,Civil Engineering,Un-Aided Autonomous Linguistic Minority - Malyalam,Autonomous Institute
03223,0322324510,Computer Engineering,Un-Aided Autonomous Linguistic Minority - Malyalam,Autonomous Institute
03223,0322324610,Information Technology,Un-Aided Autonomous Linguistic Minority - Malyalam,Autonomous Institute
03223,0322361210,Mechanical Engineering,Un-Aided Autonomous Linguistic Minority - Malyalam,Autonomous Institute
03223,0322390010,Electronics and Computer Science,Un-Aided Autonomous Linguistic Minority - Malyalam,Autonomous Institute
03223,0322392610,Electrical and Computer Engineering,Un-Aided Autonomous Linguistic Minority - Malyalam,Autonomous Institute
03223,0322399510,Artificial Intelligence and Data Science,Un-Aided Autonomous Linguistic Minority - Malyalam,Autonomous Institute
03224,0322419110,Civil Engineering,Un-Aided,Mumbai University
03224,0322424510,Computer Engineering,Un-Aided,Mumbai University
03224,0322456810,Computer Science and Information Technology,Un-Aided,Mumbai University
03224,0322461210,Mechanical Engineering,Un-Aided,Mumbai University
03224,0322491110,Computer Science and Engineering(Artificial Intelligence and Machine Learning),Un-Aided,Mumbai University
03224,0322492010,Computer Science and Engineering (Internet of Things and Cyber Security Including Block Chain Technology),Un-Aided,Mumbai University
03257,0325724510,Computer Engineering,Un-Aided,Mumbai University
03257,0325724610,Information Technology,Un-Aided,Mumbai University
03257,0325729310,Electrical Engineering,Un-Aided,Mumbai University
03257,0325737210,Electronics and Telecommunication Engg,Un-Aided,Mumbai University
03257,0325791610,Automation and Robotics,Un-Aided,Mumbai University
03277,0327724510,Computer Engineering,Un-Aided,Mumbai University
03277,0327724610,Information Technology,Un-Aided,Mumbai University
03277,0327735610,Electrical Engineering (Electronics and Power),Un-Aided,Mumbai University
03277,0327761510,Mechanical and Automation Engineering,Un-Aided,Mumbai University
03277,0327792110,Artificial Intelligence and Machine Learning,Un-Aided,Mumbai University
03277,0327793410,Civil Engineering and Planning,Un-Aided,Mumbai University
03277,0327793510,Electronics and Biomedical Engineering,Un-Aided,Mumbai University
03277,0327799510,Artificial Intelligence and Data Science,Un-Aided,Mumbai University
03351,0335119110,Civil Engineering,Un-Aided,Mumbai University
03351,0335124510,Computer Engineering,Un-Aided,Mumbai University
03351,0335156810,Computer Science and Information Technology,Un-Aided,Mumbai University
03351,0335191110,Computer Science and Engineering(Artificial Intelligence and Machine Learning),Un-Aided,Mumbai University
03351,0335191210,Computer Science and Engineering(Data Science),Un-Aided,Mumbai University
03353,0335319110,Civil Engineering,Un-Aided,Mumbai University
03353,0335324510,Computer Engineering,Un-Aided,Mumbai University
03353,0335324610,Information Technology,Un-Aided,Mumbai University
03353,0335329310,Electrical Engineering,Un-Aided,Mumbai University
03353,0335361210,Mechanical Engineering,Un-Aided,Mumbai University
03353,0335392010,Computer Science and Engineering (Internet of Things and Cyber Security Including Block Chain Technology),Un-Aided,Mumbai University
03353,0335392110,Artificial Intelligence and Machine Learning,Un-Aided,Mumbai University
03423,0342324510,Computer Engineering,Un-Aided Autonomous Linguistic Minority - Hindi,Autonomous Institute
03423,0342324610,Information Technology,Un-Aided Autonomous Linguistic Minority - Hindi,Autonomous Institute
03423,0342325810,Civil Engineering with Computer Application,Un-Aided Autonomous Linguistic Minority - Hindi,Autonomous Institute
03423,0342326010,Computer Science and Engineering (Cyber Security),Un-Aided Autonomous Linguistic Minority - Hindi,Autonomous Institute
03423,0342337210,Electronics and Telecommunication Engg,Un-Aided Autonomous Linguistic Minority - Hindi,Autonomous Institute
03423,0342361210,Mechanical Engineering,Un-Aided Autonomous Linguistic Minority - Hindi,Autonomous Institute
03423,0342390010,Electronics and Computer Science,Un-Aided Autonomous Linguistic Minority - Hindi,Autonomous Institute
03423,0342391210,Computer Science and Engineering(Data Science),Un-Aided Autonomous Linguistic Minority - Hindi,Autonomous Institute
03423,0342392110,Artificial Intelligence and Machine Learning,Un-Aided Autonomous Linguistic Minority - Hindi,Autonomous Institute
03423,0342392510,Computer Science and Engineering (Artificial Intelligence and Data Science),Un-Aided Autonomous Linguistic Minority - Hindi,Autonomous Institute
03436,0343619110,Civil Engineering,Un-Aided,Mumbai University
03436,0343624510,Computer Engineering,Un-Aided,Mumbai University
03436,0343624610,Information Technology,Un-Aided,Mumbai University
03436,0343629310,Electrical Engineering,Un-Aided,Mumbai University
03436,0343661210,Mechanical Engineering,Un-Aided,Mumbai University
03436,0343690010,Electronics and Computer Science,Un-Aided,Mumbai University
03436,0343691110,Computer Science and Engineering(Artificial Intelligence and Machine Learning),Un-Aided,Mumbai University
03439,0343919110,Civil Engineering,Un-Aided Autonomous Religious Minority - Muslim,Autonomous Institute
03439,0343924510,Computer Engineering,Un-Aided Autonomous Religious Minority - Muslim,Autonomous Institute
03439,0343961210,Mechanical Engineering,Un-Aided Autonomous Religious Minority - Muslim,Autonomous Institute
03439,0343990010,Electronics and Computer Science,Un-Aided Autonomous Religious Minority - Muslim,Autonomous Institute
03439,0343991110,Computer Science and Engineering(Artificial Intelligence and Machine Learning),Un-Aided Autonomous Religious Minority - Muslim,Autonomous Institute
03439,0343991210,Computer Science and Engineering(Data Science),Un-Aided Autonomous Religious Minority - Muslim,Autonomous Institute
03439,0343992610,Electrical and Computer Engineering,Un-Aided Autonomous Religious Minority - Muslim,Autonomous Institute
03440,0344019110,Civil Engineering,Un-Aided,Mumbai University
03440,0344024510,Computer Engineering,Un-Aided,Mumbai University
03440,0344037210,Electronics and Telecommunication Engg,Un-Aided,Mumbai University
03440,0344061210,Mechanical Engineering,Un-Aided,Mumbai University
03445,0344519110,Civil Engineering,Un-Aided,Mumbai University
03445,0344524510,Computer Engineering,Un-Aided,Mumbai University
03445,0344537210,Electronics and Telecommunication Engg,Un-Aided,Mumbai University
03445,0344561210,Mechanical Engineering,Un-Aided,Mumbai University
03445,0344592010,Computer Science and Engineering (Internet of Things and Cyber Security Including Block Chain Technology),Un-Aided,Mumbai University
03445,0344592110,Artificial Intelligence and Machine Learning,Un-Aided,Mumbai University
03447,0344719110,Civil Engineering,Un-Aided,Mumbai University
03447,0344724510,Computer Engineering,Un-Aided,Mumbai University
03447,0344761210,Mechanical Engineering,Un-Aided,Mumbai University
03462,0346219110,Civil Engineering,Un-Aided,Mumbai University
03462,0346224510,Computer Engineering,Un-Aided,Mumbai University
03462,0346229310,Electrical Engineering,Un-Aided,Mumbai University
03462,0346246610,Instrumentation Engineering,Un-Aided,Mumbai University
03462,0346261210,Mechanical Engineering,Un-Aided,Mumbai University
03462,0346284410,Electronics and Computer Engineering,Un-Aided,Mumbai University
03462,0346292110,Artificial Intelligence and Machine Learning,Un-Aided,Mumbai University
03462,0346299510,Artificial Intelligence and Data Science,Un-Aided,Mumbai University
03465,0346519110,Civil Engineering,Un-Aided,Mumbai University
03465,0346524210,Computer Science and Engineering,Un-Aided,Mumbai University
03465,0346561210,Mechanical Engineering,Un-Aided,Mumbai University
03465,0346592110,Artificial Intelligence and Machine Learning,Un-Aided,Mumbai University
03465,0346599510,Artificial Intelligence and Data Science,Un-Aided,Mumbai University
03467,0346719110,Civil Engineering,Un-Aided,Mumbai University
03467,0346724510,Computer Engineering,Un-Aided,Mumbai University
03467,0346729310,Electrical Engineering,Un-Aided,Mumbai University
03467,0346737210,Electronics and Telecommunication Engg,Un-Aided,Mumbai University
03467,0346761210,Mechanical Engineering,Un-Aided,Mumbai University
03467,0346791110,Computer Science and Engineering(Artificial Intelligence and Machine Learning),Un-Aided,Mumbai University
03470,0347024210,Computer Science and Engineering,Un-Aided,Mumbai University
03470,0347024510,Computer Engineering,Un-Aided,Mumbai University
03470,0347029310,Electrical Engineering,Un-Aided,Mumbai University
03470,0347061210,Mechanical Engineering,Un-Aided,Mumbai University
03470,0347092110,Artificial Intelligence and Machine Learning,Un-Aided,Mumbai University
03471,0347119110,Civil Engineering,Un-Aided,Mumbai University
03471,0347124510,Computer Engineering,Un-Aided,Mumbai University
03471,0347124610,Information Technology,Un-Aided,Mumbai University
03471,0347125710,Computer Science and Design,Un-Aided,Mumbai University
03471,0347161210,Mechanical Engineering,Un-Aided,Mumbai University
03471,0347162410,Mechatronics Engineering,Un-Aided,Mumbai University
03471,0347199510,Artificial Intelligence and Data Science,Un-Aided,Mumbai University
03475,0347519110,Civil Engineering,Un-Aided Religious Minority - Jain,Mumbai University
03475,0347524510,Computer Engineering,Un-Aided Religious Minority - Jain,Mumbai University
03475,0347524610,Information Technology,Un-Aided Religious Minority - Jain,Mumbai University
03475,0347561210,Mechanical Engineering,Un-Aided Religious Minority - Jain,Mumbai University
03475,0347591110,Computer Science and Engineering(Artificial Intelligence and Machine Learning),Un-Aided Religious Minority - Jain,Mumbai University
03475,0347591210,Computer Science and Engineering(Data Science),Un-Aided Religious Minority - Jain,Mumbai University
03477,0347724510,Computer Engineering,Un-Aided,Mumbai University
03477,0347791710,Data Science,Un-Aided,Mumbai University
03477,0347792110,Artificial Intelligence and Machine Learning,Un-Aided,Mumbai University
03503,0350319110,Civil Engineering,Un-Aided,Mumbai University
03503,0350324510,Computer Engineering,Un-Aided,Mumbai University
03503,0350324610,Information Technology,Un-Aided,Mumbai University
03503,0350326310,Artificial Intelligence (AI) and Data Science,Un-Aided,Mumbai University
03503,0350329310,Electrical Engineering,Un-Aided,Mumbai University
03503,0350361210,Mechanical Engineering,Un-Aided,Mumbai University
03546,0354619110,Civil Engineering,Un-Aided,Mumbai University
03546,0354624510,Computer Engineering,Un-Aided,Mumbai University
03546,0354629310,Electrical Engineering,Un-Aided,Mumbai University
03546,0354661210,Mechanical Engineering,Un-Aided,Mumbai University
03546,0354691110,Computer Science and Engineering(Artificial Intelligence and Machine Learning),Un-Aided,Mumbai University
03723,0372324210,Computer Science and Engineering,Un-Aided,Mumbai University
03723,0372324510,Computer Engineering,Un-Aided,Mumbai University
03723,0372324610,Information Technology,Un-Aided,Mumbai University
03723,0372329310,Electrical Engineering,Un-Aided,Mumbai University
03723,0372337210,Electronics and Telecommunication Engg,Un-Aided,Mumbai University
03723,0372399510,Artificial Intelligence and Data Science,Un-Aided,Mumbai University
03724,0372424510,Computer Engineering,Un-Aided Linguistic Minority - Hindi,Mumbai University
03724,0372424610,Information Technology,Un-Aided Linguistic Minority - Hindi,Mumbai University
03724,0372490010,Electronics and Computer Science,Un-Aided Linguistic Minority - Hindi,Mumbai University
03724,0372499510,Artificial Intelligence and Data Science,Un-Aided Linguistic Minority - Hindi,Mumbai University
03725,0372524210,Computer Science and Engineering,Un-Aided,Mumbai University
03725,0372524610,Information Technology,Un-Aided,Mumbai University
03725,0372527210,Electronics & Communication Engg (Industry Integrated),Un-Aided,Mumbai University
03725,0372591110,Computer Science and Engineering(Artificial Intelligence and Machine Learning),Un-Aided,Mumbai University
03726,0372624510,Computer Engineering,Un-Aided,Mumbai University
03726,0372624610,Information Technology,Un-Aided,Mumbai University
03726,0372629310,Electrical Engineering,Un-Aided,Mumbai University
03726,0372637210,Electronics and Telecommunication Engg,Un-Aided,Mumbai University
03726,0372661210,Mechanical Engineering,Un-Aided,Mumbai University
03726,0372699510,Artificial Intelligence and Data Science,Un-Aided,Mumbai University
04004,0400419110,Civil Engineering,Government,Gondwana University
04004,0400424210,Computer Science and Engineering,Government,Gondwana University
04004,0400429310,Electrical Engineering,Government,Gondwana University
04004,0400437210,Electronics and Telecommunication Engg,Government,Gondwana University
04004,0400446610,Instrumentation Engineering,Government,Gondwana University
04004,0400461210,Mechanical Engineering,Government,Gondwana University
04025,0402519110,Civil Engineering,Government,Rashtrasant Tukadoji Maharaj Nagpur University
04025,0402524210,Computer Science and Engineering,Government,Rashtrasant Tukadoji Maharaj Nagpur University
04025,0402529310,Electrical Engineering,Government,Rashtrasant Tukadoji Maharaj Nagpur University
04025,0402537210,Electronics and Telecommunication Engg,Government,Rashtrasant Tukadoji Maharaj Nagpur University
04025,0402561210,Mechanical Engineering,Government,Rashtrasant Tukadoji Maharaj Nagpur University
04026,0402661710,Manufacturing Technology,University Managed,Gondwana University
04026,0402669210,Metallurgical Engineering,University Managed,Gondwana University
04026,0402670110,Mining Engineering,University Managed,Gondwana University
04026,0402693710,Computer Science and Social Sciences,University Managed,Gondwana University
04104,0410419110,Civil Engineering,Un-Aided Autonomous,Autonomous Institute
04104,0410424610,Information Technology,Un-Aided Autonomous,Autonomous Institute
04104,0410425110,Computer Technology,Un-Aided Autonomous,Autonomous Institute
04104,0410429310,Electrical Engineering,Un-Aided Autonomous,Autonomous Institute
04104,0410437010,Electronics and Communication Engineering,Un-Aided Autonomous,Autonomous Institute
04104,0410461210,Mechanical Engineering,Un-Aided Autonomous,Autonomous Institute
04104,0410490010,Electronics and Computer Science,Un-Aided Autonomous,Autonomous Institute
04104,0410491110,Computer Science and Engineering(Artificial Intelligence and Machine Learning),Un-Aided Autonomous,Autonomous Institute
04116,0411619110,Civil Engineering,Un-Aided Autonomous Linguistic Minority - Hindi,Autonomous Institute
04116,0411624210,Computer Science and Engineering,Un-Aided Autonomous Linguistic Minority - Hindi,Autonomous Institute
04116,0411624610,Information Technology,Un-Aided Autonomous Linguistic Minority - Hindi,Autonomous Institute
04116,0411626010,Computer Science and Engineering (Cyber Security),Un-Aided Autonomous Linguistic Minority - Hindi,Autonomous Institute
04116,0411626710,Computer Science and Engineering (IoT),Un-Aided Autonomous Linguistic Minority - Hindi,Autonomous Institute
04116,0411629310,Electrical Engineering,Un-Aided Autonomous Linguistic Minority - Hindi,Autonomous Institute
04116,0411637210,Electronics and Telecommunication Engg,Un-Aided Autonomous Linguistic Minority - Hindi,Autonomous Institute
04116,0411637610,Electronics Engineering,Un-Aided Autonomous Linguistic Minority - Hindi,Autonomous Institute
04116,0411661210,Mechanical Engineering,Un-Aided Autonomous Linguistic Minority - Hindi,Autonomous Institute
04116,0411691110,Computer Science and Engineering(Artificial Intelligence and Machine Learning),Un-Aided Autonomous Linguistic Minority - Hindi,Autonomous Institute
04116,0411691310,Computer Science and Engineering (Artificial Intelligence),Un-Aided Autonomous Linguistic Minority - Hindi,Autonomous Institute
04116,0411691710,Data Science,Un-Aided Autonomous Linguistic Minority - Hindi,Autonomous Institute
04116,0411699710,Artificial Intelligence,Un-Aided Autonomous Linguistic Minority - Hindi,Autonomous Institute
04118,0411819110,Civil Engineering,Un-Aided,Rashtrasant Tukadoji Maharaj Nagpur University
04118,0411824510,Computer Engineering,Un-Aided,Rashtrasant Tukadoji Maharaj Nagpur University
04118,0411829310,Electrical Engineering,Un-Aided,Rashtrasant Tukadoji Maharaj Nagpur University
04118,0411837210,Electronics and Telecommunication Engg,Un-Aided,Rashtrasant Tukadoji Maharaj Nagpur University
04118,0411861210,Mechanical Engineering,Un-Aided,Rashtrasant Tukadoji Maharaj Nagpur University
04123,0412300210,Aeronautical Engineering,Un-Aided Autonomous Linguistic Minority - Hindi,Autonomous Institute
04123,0412308210,Bio Technology,Un-Aided Autonomous Linguistic Minority - Hindi,Autonomous Institute
04123,0412319110,Civil Engineering,Un-Aided Autonomous Linguistic Minority - Hindi,Autonomous Institute
04123,0412324210,Computer Science and Engineering,Un-Aided Autonomous Linguistic Minority - Hindi,Autonomous Institute
04123,0412324610,Information Technology,Un-Aided Autonomous Linguistic Minority - Hindi,Autonomous Institute
04123,0412325110,Computer Technology,Un-Aided Autonomous Linguistic Minority - Hindi,Autonomous Institute
04123,0412326510,Industrial IoT,Un-Aided Autonomous Linguistic Minority - Hindi,Autonomous Institute
04123,0412326610,Robotics and Artificial Intelligence,Un-Aided Autonomous Linguistic Minority - Hindi,Autonomous Institute
04123,0412329310,Electrical Engineering,Un-Aided Autonomous Linguistic Minority - Hindi,Autonomous Institute
04123,0412337010,Electronics and Communication Engineering,Un-Aided Autonomous Linguistic Minority - Hindi,Autonomous Institute
04123,0412337210,Electronics and Telecommunication Engg,Un-Aided Autonomous Linguistic Minority - Hindi,Autonomous Institute
04123,0412350710,Chemical Engineering,Un-Aided Autonomous Linguistic Minority - Hindi,Autonomous Institute
04123,0412361210,Mechanical Engineering,Un-Aided Autonomous Linguistic Minority - Hindi,Autonomous Institute
04123,0412399510,Artificial Intelligence and Data Science,Un-Aided Autonomous Linguistic Minority - Hindi,Autonomous Institute
04133,0413319110,Civil Engineering,Un-Aided Autonomous,Autonomous Institute
04133,0413324210,Computer Science and Engineering,Un-Aided Autonomous,Autonomous Institute
04133,0413324510,Computer Engineering,Un-Aided Autonomous,Autonomous Institute
04133,0413329310,Electrical Engineering,Un-Aided Autonomous,Autonomous Institute
04133,0413337210,Electronics and Telecommunication Engg,Un-Aided Autonomous,Autonomous Institute
04133,0413361210,Mechanical Engineering,Un-Aided Autonomous,Autonomous Institute
04133,0413399510,Artificial Intelligence and Data Science,Un-Aided Autonomous,Autonomous Institute
04134,0413424210,Computer Science and Engineering,Un-Aided,Rashtrasant Tukadoji Maharaj Nagpur University
04134,0413424610,Information Technology,Un-Aided,Rashtrasant Tukadoji Maharaj Nagpur University
04134,0413429310,Electrical Engineering,Un-Aided,Rashtrasant Tukadoji Maharaj Nagpur University
04134,0413437210,Electronics and Telecommunication Engg,Un-Aided,Rashtrasant Tukadoji Maharaj Nagpur University
04134,0413491210,Computer Science and Engineering(Data Science),Un-Aided,Rashtrasant Tukadoji Maharaj Nagpur University
04134,0413499710,Artificial Intelligence,Un-Aided,Rashtrasant Tukadoji Maharaj Nagpur University
04135,0413519110,Civil Engineering,Un-Aided Autonomous,Autonomous Institute
04135,0413524210,Computer Science and Engineering,Un-Aided Autonomous,Autonomous Institute
04135,0413524610,Information Technology,Un-Aided Autonomous,Autonomous Institute
04135,0413529310,Electrical Engineering,Un-Aided Autonomous,Autonomous Institute
04135,0413537210,Electronics and Telecommunication Engg,Un-Aided Autonomous,Autonomous Institute
04135,0413561210,Mechanical Engineering,Un-Aided Autonomous,Autonomous Institute
04135,0413591210,Computer Science and Engineering(Data Science),Un-Aided Autonomous,Autonomous Institute
04135,0413592110,Artificial Intelligence and Machine Learning,Un-Aided Autonomous,Autonomous Institute
04137,0413724210,Computer Science and Engineering,Un-Aided Autonomous Linguistic Minority - Hindi,Autonomous Institute
04137,0413724610,Information Technology,Un-Aided Autonomous Linguistic Minority - Hindi,Autonomous Institute
04137,0413729310,Electrical Engineering,Un-Aided Autonomous Linguistic Minority - Hindi,Autonomous Institute
04137,0413737210,Electronics and Telecommunication Engg,Un-Aided Autonomous Linguistic Minority - Hindi,Autonomous Institute
04137,0413761210,Mechanical Engineering,Un-Aided Autonomous Linguistic Minority - Hindi,Autonomous Institute
04137,0413791110,Computer Science and Engineering(Artificial Intelligence and Machine Learning),Un-Aided Autonomous Linguistic Minority - Hindi,Autonomous Institute
04137,0413791210,Computer Science and Engineering(Data Science),Un-Aided Autonomous Linguistic Minority - Hindi,Autonomous Institute
04138,0413819110,Civil Engineering,Un-Aided Autonomous Linguistic Minority - Hindi,Autonomous Institute
04138,0413824210,Computer Science and Engineering,Un-Aided Autonomous Linguistic Minority - Hindi,Autonomous Institute
04138,0413824610,Information Technology,Un-Aided Autonomous Linguistic Minority - Hindi,Autonomous Institute
04138,0413826010,Computer Science and Engineering (Cyber Security),Un-Aided Autonomous Linguistic Minority - Hindi,Autonomous Institute
04138,0413829310,Electrical Engineering,Un-Aided Autonomous Linguistic Minority - Hindi,Autonomous Institute
04138,0413837210,Electronics and Telecommunication Engg,Un-Aided Autonomous Linguistic Minority - Hindi,Autonomous Institute
04138,0413861210,Mechanical Engineering,Un-Aided Autonomous Linguistic Minority - Hindi,Autonomous Institute
04138,0413891210,Computer Science and Engineering(Data Science),Un-Aided Autonomous Linguistic Minority - Hindi,Autonomous Institute
04138,0413899710,Artificial Intelligence,Un-Aided Autonomous Linguistic Minority - Hindi,Autonomous Institute
04139,0413924210,Computer Science and Engineering,Un-Aided Autonomous Linguistic Minority - Sindhi,Autonomous Institute
04139,0413929310,Electrical Engineering,Un-Aided Autonomous Linguistic Minority - Sindhi,Autonomous Institute
04139,0413961210,Mechanical Engineering,Un-Aided Autonomous Linguistic Minority - Sindhi,Autonomous Institute
04139,0413984410,Electronics and Computer Engineering,Un-Aided Autonomous Linguistic Minority - Sindhi,Autonomous Institute
04139,0413991110,Computer Science and Engineering(Artificial Intelligence and Machine Learning),Un-Aided Autonomous Linguistic Minority - Sindhi,Autonomous Institute
04139,0413992510,Computer Science and Engineering (Artificial Intelligence and Data Science),Un-Aided Autonomous Linguistic Minority - Sindhi,Autonomous Institute
04141,0414119110,Civil Engineering,Un-Aided,Rashtrasant Tukadoji Maharaj Nagpur University
04141,0414124510,Computer Engineering,Un-Aided,Rashtrasant Tukadoji Maharaj Nagpur University
04141,0414161210,Mechanical Engineering,Un-Aided,Rashtrasant Tukadoji Maharaj Nagpur University
04141,0414199510,Artificial Intelligence and Data Science,Un-Aided,Rashtrasant Tukadoji Maharaj Nagpur University
04142,0414219110,Civil Engineering,Un-Aided Autonomous Linguistic Minority - Hindi,Autonomous Institute
04142,0414224210,Computer Science and Engineering,Un-Aided Autonomous Linguistic Minority - Hindi,Autonomous Institute
04142,0414224610,Information Technology,Un-Aided Autonomous Linguistic Minority - Hindi,Autonomous Institute
04142,0414229310,Electrical Engineering,Un-Aided Autonomous Linguistic Minority - Hindi,Autonomous Institute
04142,0414237210,Electronics and Telecommunication Engg,Un-Aided Autonomous Linguistic Minority - Hindi,Autonomous Institute
04142,0414261210,Mechanical Engineering,Un-Aided Autonomous Linguistic Minority - Hindi,Autonomous Institute
04142,0414291010,Computer Science and Engineering(Cyber Security),Un-Aided Autonomous Linguistic Minority - Hindi,Autonomous Institute
04142,0414291710,Data Science,Un-Aided Autonomous Linguistic Minority - Hindi,Autonomous Institute
04142,0414299710,Artificial Intelligence,Un-Aided Autonomous Linguistic Minority - Hindi,Autonomous Institute
04143,0414319110,Civil Engineering,Un-Aided Autonomous,Autonomous Institute
04143,0414324210,Computer Science and Engineering,Un-Aided Autonomous,Autonomous Institute
04143,0414324510,Computer Engineering,Un-Aided Autonomous,Autonomous Institute
04143,0414329310,Electrical Engineering,Un-Aided Autonomous,Autonomous Institute
04143,0414337210,Electronics and Telecommunication Engg,Un-Aided Autonomous,Autonomous Institute
04143,0414361210,Mechanical Engineering,Un-Aided Autonomous,Autonomous Institute
04143,0414399510,Artificial Intelligence and Data Science,Un-Aided Autonomous,Autonomous Institute
04144,0414419110,Civil Engineering,Un-Aided,Rashtrasant Tukadoji Maharaj Nagpur University
04144,0414424210,Computer Science and Engineering,Un-Aided,Rashtrasant Tukadoji Maharaj Nagpur University
04144,0414424610,Information Technology,Un-Aided,Rashtrasant Tukadoji Maharaj Nagpur University
04144,0414429310,Electrical Engineering,Un-Aided,Rashtrasant Tukadoji Maharaj Nagpur University
04144,0414461210,Mechanical Engineering,Un-Aided,Rashtrasant Tukadoji Maharaj Nagpur University
04145,0414519110,Civil Engineering,Un-Aided Autonomous,Autonomous Institute
04145,0414524210,Computer Science and Engineering,Un-Aided Autonomous,Autonomous Institute
04145,0414529310,Electrical Engineering,Un-Aided Autonomous,Autonomous Institute
04145,0414537210,Electronics and Telecommunication Engg,Un-Aided Autonomous,Autonomous Institute
04145,0414561210,Mechanical Engineering,Un-Aided Autonomous,Autonomous Institute
04145,0414591110,Computer Science and Engineering(Artificial Intelligence and Machine Learning),Un-Aided Autonomous,Autonomous Institute
04145,0414599510,Artificial Intelligence and Data Science,Un-Aided Autonomous,Autonomous Institute
04147,0414719110,Civil Engineering,Un-Aided Autonomous,Autonomous Institute
04147,0414724210,Computer Science and Engineering,Un-Aided Autonomous,Autonomous Institute
04147,0414724610,Information Technology,Un-Aided Autonomous,Autonomous Institute
04147,0414729310,Electrical Engineering,Un-Aided Autonomous,Autonomous Institute
04147,0414737210,Electronics and Telecommunication Engg,Un-Aided Autonomous,Autonomous Institute
04147,0414761210,Mechanical Engineering,Un-Aided Autonomous,Autonomous Institute
04147,0414799510,Artificial Intelligence and Data Science,Un-Aided Autonomous,Autonomous Institute
04151,0415100210,Aeronautical Engineering,Un-Aided Autonomous,Autonomous Institute
04151,0415108210,Bio Technology,Un-Aided Autonomous,Autonomous Institute
04151,0415119110,Civil Engineering,Un-Aided Autonomous,Autonomous Institute
04151,0415124210,Computer Science and Engineering,Un-Aided Autonomous,Autonomous Institute
04151,0415124610,Information Technology,Un-Aided Autonomous,Autonomous Institute
04151,0415129310,Electrical Engineering,Un-Aided Autonomous,Autonomous Institute
04151,0415137010,Electronics and Communication Engineering,Un-Aided Autonomous,Autonomous Institute
04151,0415161210,Mechanical Engineering,Un-Aided Autonomous,Autonomous Institute
04151,0415190010,Electronics and Computer Science,Un-Aided Autonomous,Autonomous Institute
04151,0415191010,Computer Science and Engineering(Cyber Security),Un-Aided Autonomous,Autonomous Institute
04151,0415191210,Computer Science and Engineering(Data Science),Un-Aided Autonomous,Autonomous Institute
04151,0415192110,Artificial Intelligence and Machine Learning,Un-Aided Autonomous,Autonomous Institute
04163,0416319110,Civil Engineering,Un-Aided,Gondwana University
04163,0416324210,Computer Science and Engineering,Un-Aided,Gondwana University
04163,0416329310,Electrical Engineering,Un-Aided,Gondwana University
04163,0416337010,Electronics and Communication Engineering,Un-Aided,Gondwana University
04163,0416361210,Mechanical Engineering,Un-Aided,Gondwana University
04163,0416370110,Mining Engineering,Un-Aided,Gondwana University
04163,0416391110,Computer Science and Engineering(Artificial Intelligence and Machine Learning),Un-Aided,Gondwana University
04163,0416391210,Computer Science and Engineering(Data Science),Un-Aided,Gondwana University
04167,0416719110,Civil Engineering,Un-Aided Autonomous,Autonomous Institute
04167,0416724210,Computer Science and Engineering,Un-Aided Autonomous,Autonomous Institute
04167,0416724610,Information Technology,Un-Aided Autonomous,Autonomous Institute
04167,0416725110,Computer Technology,Un-Aided Autonomous,Autonomous Institute
04167,0416725710,Computer Science and Design,Un-Aided Autonomous,Autonomous Institute
04167,0416726710,Computer Science and Engineering (IoT),Un-Aided Autonomous,Autonomous Institute
04167,0416735610,Electrical Engineering (Electronics and Power),Un-Aided Autonomous,Autonomous Institute
04167,0416737210,Electronics and Telecommunication Engg,Un-Aided Autonomous,Autonomous Institute
04167,0416737610,Electronics Engineering,Un-Aided Autonomous,Autonomous Institute
04167,0416737810,Electronics Engineering ( VLSI Design and Technology),Un-Aided Autonomous,Autonomous Institute
04167,0416761210,Mechanical Engineering,Un-Aided Autonomous,Autonomous Institute
04167,0416791110,Computer Science and Engineering(Artificial Intelligence and Machine Learning),Un-Aided Autonomous,Autonomous Institute
04167,0416799510,Artificial Intelligence and Data Science,Un-Aided Autonomous,Autonomous Institute
04172,0417219110,Civil Engineering,Un-Aided Religious Minority - Muslim,Rashtrasant Tukadoji Maharaj Nagpur University
04172,0417224210,Computer Science and Engineering,Un-Aided Religious Minority - Muslim,Rashtrasant Tukadoji Maharaj Nagpur University
04172,0417226310,Artificial Intelligence (AI) and Data Science,Un-Aided Religious Minority - Muslim,Rashtrasant Tukadoji Maharaj Nagpur University
04172,0417229310,Electrical Engineering,Un-Aided Religious Minority - Muslim,Rashtrasant Tukadoji Maharaj Nagpur University
04172,0417237210,Electronics and Telecommunication Engg,Un-Aided Religious Minority - Muslim,Rashtrasant Tukadoji Maharaj Nagpur University
04172,0417261210,Mechanical Engineering,Un-Aided Religious Minority - Muslim,Rashtrasant Tukadoji Maharaj Nagpur University
04174,0417419110,Civil Engineering,Un-Aided Autonomous Religious Minority - Christian,Autonomous Institute
04174,0417424210,Computer Science and Engineering,Un-Aided Autonomous Religious Minority - Christian,Autonomous Institute
04174,0417424610,Information Technology,Un-Aided Autonomous Religious Minority - Christian,Autonomous Institute
04174,0417426010,Computer Science and Engineering (Cyber Security),Un-Aided Autonomous Religious Minority - Christian,Autonomous Institute
04174,0417426210,Computer Science and Business Systems,Un-Aided Autonomous Religious Minority - Christian,Autonomous Institute
04174,0417426510,Industrial IoT,Un-Aided Autonomous Religious Minority - Christian,Autonomous Institute
04174,0417426610,Robotics and Artificial Intelligence,Un-Aided Autonomous Religious Minority - Christian,Autonomous Institute
04174,0417429310,Electrical Engineering,Un-Aided Autonomous Religious Minority - Christian,Autonomous Institute
04174,0417437210,Electronics and Telecommunication Engg,Un-Aided Autonomous Religious Minority - Christian,Autonomous Institute
04174,0417461210,Mechanical Engineering,Un-Aided Autonomous Religious Minority - Christian,Autonomous Institute
04174,0417491210,Computer Science and Engineering(Data Science),Un-Aided Autonomous Religious Minority - Christian,Autonomous Institute
04174,0417499710,Artificial Intelligence,Un-Aided Autonomous Religious Minority - Christian,Autonomous Institute
04175,0417519110,Civil Engineering,Un-Aided,Rashtrasant Tukadoji Maharaj Nagpur University
04175,0417524210,Computer Science and Engineering,Un-Aided,Rashtrasant Tukadoji Maharaj Nagpur University
04175,0417537210,Electronics and Telecommunication Engg,Un-Aided,Rashtrasant Tukadoji Maharaj Nagpur University
04175,0417561210,Mechanical Engineering,Un-Aided,Rashtrasant Tukadoji Maharaj Nagpur University
04175,0417599710,Artificial Intelligence,Un-Aided,Rashtrasant Tukadoji Maharaj Nagpur University
04177,0417719110,Civil Engineering,Un-Aided Autonomous Linguistic Minority - Hindi,Autonomous Institute
04177,0417724210,Computer Science and Engineering,Un-Aided Autonomous Linguistic Minority - Hindi,Autonomous Institute
04177,0417724610,Information Technology,Un-Aided Autonomous Linguistic Minority - Hindi,Autonomous Institute
04177,0417729310,Electrical Engineering,Un-Aided Autonomous Linguistic Minority - Hindi,Autonomous Institute
04177,0417737010,Electronics and Communication Engineering,Un-Aided Autonomous Linguistic Minority - Hindi,Autonomous Institute
04177,0417737210,Electronics and Telecommunication Engg,Un-Aided Autonomous Linguistic Minority - Hindi,Autonomous Institute
04177,0417761210,Mechanical Engineering,Un-Aided Autonomous Linguistic Minority - Hindi,Autonomous Institute
04177,0417799710,Artificial Intelligence,Un-Aided Autonomous Linguistic Minority - Hindi,Autonomous Institute
04181,0418119110,Civil Engineering,Un-Aided,Rashtrasant Tukadoji Maharaj Nagpur University
04181,0418124510,Computer Engineering,Un-Aided,Rashtrasant Tukadoji Maharaj Nagpur University
04181,0418137210,Electronics and Telecommunication Engg,Un-Aided,Rashtrasant Tukadoji Maharaj Nagpur University
04181,0418161210,Mechanical Engineering,Un-Aided,Rashtrasant Tukadoji Maharaj Nagpur University
04188,0418819110,Civil Engineering,Un-Aided,Gondwana University
04188,0418824210,Computer Science and Engineering,Un-Aided,Gondwana University
04188,0418829310,Electrical Engineering,Un-Aided,Gondwana University
04188,0418837210,Electronics and Telecommunication Engg,Un-Aided,Gondwana University
04188,0418850310,Food Technology,Un-Aided,Gondwana University
04188,0418861210,Mechanical Engineering,Un-Aided,Gondwana University
04188,0418870110,Mining Engineering,Un-Aided,Gondwana University
04190,0419019110,Civil Engineering,Un-Aided,Gondwana University
04190,0419024210,Computer Science and Engineering,Un-Aided,Gondwana University
04190,0419029310,Electrical Engineering,Un-Aided,Gondwana University
04190,0419037010,Electronics and Communication Engineering,Un-Aided,Gondwana University
04190,0419061210,Mechanical Engineering,Un-Aided,Gondwana University
04190,0419070110,Mining Engineering,Un-Aided,Gondwana University
04192,0419219110,Civil Engineering,Un-Aided,Rashtrasant Tukadoji Maharaj Nagpur University
04192,0419224210,Computer Science and Engineering,Un-Aided,Rashtrasant Tukadoji Maharaj Nagpur University
04192,0419235610,Electrical Engineering (Electronics and Power),Un-Aided,Rashtrasant Tukadoji Maharaj Nagpur University
04192,0419261210,Mechanical Engineering,Un-Aided,Rashtrasant Tukadoji Maharaj Nagpur University
04192,0419291110,Computer Science and Engineering(Artificial Intelligence and Machine Learning),Un-Aided,Rashtrasant Tukadoji Maharaj Nagpur University
04193,0419324210,Computer Science and Engineering,Un-Aided Autonomous Linguistic Minority - Hindi,Autonomous Institute
04193,0419329310,Electrical Engineering,Un-Aided Autonomous Linguistic Minority - Hindi,Autonomous Institute
04193,0419337010,Electronics and Communication Engineering,Un-Aided Autonomous Linguistic Minority - Hindi,Autonomous Institute
04193,0419361210,Mechanical Engineering,Un-Aided Autonomous Linguistic Minority - Hindi,Autonomous Institute
04193,0419391110,Computer Science and Engineering(Artificial Intelligence and Machine Learning),Un-Aided Autonomous Linguistic Minority - Hindi,Autonomous Institute
04193,0419391210,Computer Science and Engineering(Data Science),Un-Aided Autonomous Linguistic Minority - Hindi,Autonomous Institute
04196,0419619110,Civil Engineering,Un-Aided Autonomous,Autonomous Institute
04196,0419624210,Computer Science and Engineering,Un-Aided Autonomous,Autonomous Institute
04196,0419637210,Electronics and Telecommunication Engg,Un-Aided Autonomous,Autonomous Institute
04196,0419661210,Mechanical Engineering,Un-Aided Autonomous,Autonomous Institute
04196,0419691010,Computer Science and Engineering(Cyber Security),Un-Aided Autonomous,Autonomous Institute
04196,0419691210,Computer Science and Engineering(Data Science),Un-Aided Autonomous,Autonomous Institute
04196,0419692110,Artificial Intelligence and Machine Learning,Un-Aided Autonomous,Autonomous Institute
04197,0419719110,Civil Engineering,Un-Aided,Rashtrasant Tukadoji Maharaj Nagpur University
04197,0419724210,Computer Science and Engineering,Un-Aided,Rashtrasant Tukadoji Maharaj Nagpur University
04197,0419729310,Electrical Engineering,Un-Aided,Rashtrasant Tukadoji Maharaj Nagpur University
04197,0419737010,Electronics and Communication Engineering,Un-Aided,Rashtrasant Tukadoji Maharaj Nagpur University
04197,0419761210,Mechanical Engineering,Un-Aided,Rashtrasant Tukadoji Maharaj Nagpur University
04302,0430219110,Civil Engineering,Un-Aided,Rashtrasant Tukadoji Maharaj Nagpur University
04302,0430224510,Computer Engineering,Un-Aided,Rashtrasant Tukadoji Maharaj Nagpur University
04302,0430261210,Mechanical Engineering,Un-Aided,Rashtrasant Tukadoji Maharaj Nagpur University
04304,0430424550F,Computer Engineering,Un-Aided Autonomous,Autonomous Institute
04304,0430437250F,Electronics and Telecommunication Engg,Un-Aided Autonomous,Autonomous Institute
04304,0430461250F,Mechanical Engineering,Un-Aided Autonomous,Autonomous Institute
04304,0430491150F,Computer Science and Engineering(Artificial Intelligence and Machine Learning),Un-Aided Autonomous,Autonomous Institute
04613,0461319110,Civil Engineering,Un-Aided Autonomous,Autonomous Institute
04613,0461324510,Computer Engineering,Un-Aided Autonomous,Autonomous Institute
04613,0461326510,Industrial IoT,Un-Aided Autonomous,Autonomous Institute
04613,0461329310,Electrical Engineering,Un-Aided Autonomous,Autonomous Institute
04613,0461337210,Electronics and Telecommunication Engg,Un-Aided Autonomous,Autonomous Institute
04613,0461361210,Mechanical Engineering,Un-Aided Autonomous,Autonomous Institute
04613,0461391210,Computer Science and Engineering(Data Science),Un-Aided Autonomous,Autonomous Institute
04648,0464819110,Civil Engineering,Un-Aided,Rashtrasant Tukadoji Maharaj Nagpur University
04648,0464824210,Computer Science and Engineering,Un-Aided,Rashtrasant Tukadoji Maharaj Nagpur University
04648,0464824610,Information Technology,Un-Aided,Rashtrasant Tukadoji Maharaj Nagpur University
04648,0464826310,Artificial Intelligence (AI) and Data Science,Un-Aided,Rashtrasant Tukadoji Maharaj Nagpur University
04648,0464829310,Electrical Engineering,Un-Aided,Rashtrasant Tukadoji Maharaj Nagpur University
04648,0464861210,Mechanical Engineering,Un-Aided,Rashtrasant Tukadoji Maharaj Nagpur University
04649,0464919110,Civil Engineering,Un-Aided Linguistic Minority - Hindi,Rashtrasant Tukadoji Maharaj Nagpur University
04649,0464924510,Computer Engineering,Un-Aided Linguistic Minority - Hindi,Rashtrasant Tukadoji Maharaj Nagpur University
04649,0464929310,Electrical Engineering,Un-Aided Linguistic Minority - Hindi,Rashtrasant Tukadoji Maharaj Nagpur University
04649,0464961210,Mechanical Engineering,Un-Aided Linguistic Minority - Hindi,Rashtrasant Tukadoji Maharaj Nagpur University
04679,0467919110,Civil Engineering,Un-Aided,Rashtrasant Tukadoji Maharaj Nagpur University
04679,0467924210,Computer Science and Engineering,Un-Aided,Rashtrasant Tukadoji Maharaj Nagpur University
04679,0467926310,Artificial Intelligence (AI) and Data Science,Un-Aided,Rashtrasant Tukadoji Maharaj Nagpur University
04679,0467929310,Electrical Engineering,Un-Aided,Rashtrasant Tukadoji Maharaj Nagpur University
04703,0470300210,Aeronautical Engineering,Un-Aided,Gondwana University
04703,0470324210,Computer Science and Engineering,Un-Aided,Gondwana University
04703,0470329310,Electrical Engineering,Un-Aided,Gondwana University
04703,0470370110,Mining Engineering,Un-Aided,Gondwana University
04703,0470391210,Computer Science and Engineering(Data Science),Un-Aided,Gondwana University
04703,0470392110,Artificial Intelligence and Machine Learning,Un-Aided,Gondwana University
04762,0476224210,Computer Science and Engineering,Un-Aided,Gondwana University
04762,0476229310,Electrical Engineering,Un-Aided,Gondwana University
04762,0476237210,Electronics and Telecommunication Engg,Un-Aided,Gondwana University
04762,0476261210,Mechanical Engineering,Un-Aided,Gondwana University
04762,0476299510,Artificial Intelligence and Data Science,Un-Aided,Gondwana University
04766,0476629310,Electrical Engineering,Un-Aided,Rashtrasant Tukadoji Maharaj Nagpur University
04766,0476661210,Mechanical Engineering,Un-Aided,Rashtrasant Tukadoji Maharaj Nagpur University
05003,0500350310,Food Technology,University Department,"Kavayitri Bahinabai Chaudhari North Maharashtra University, Jalgaon"
05003,0500350710,Chemical Engineering,University Department,"Kavayitri Bahinabai Chaudhari North Maharashtra University, Jalgaon"
05003,0500350810,Plastic Technology,University Department,"Kavayitri Bahinabai Chaudhari North Maharashtra University, Jalgaon"
05003,0500351810,Oil Fats and Waxes Technology,University Department,"Kavayitri Bahinabai Chaudhari North Maharashtra University, Jalgaon"
05003,0500352310,Paints Technology,University Department,"Kavayitri Bahinabai Chaudhari North Maharashtra University, Jalgaon"
05004,0500419110,Civil Engineering,Government Autonomous,Autonomous Institute
05004,0500424510,Computer Engineering,Government Autonomous,Autonomous Institute
05004,0500429310,Electrical Engineering,Government Autonomous,Autonomous Institute
05004,0500437210,Electronics and Telecommunication Engg,Government Autonomous,Autonomous Institute
05004,0500446610,Instrumentation Engineering,Government Autonomous,Autonomous Institute
05004,0500461210,Mechanical Engineering,Government Autonomous,Autonomous Institute
05103,0510319110,Civil Engineering,Un-Aided,"Kavayitri Bahinabai Chaudhari North Maharashtra University, Jalgaon"
05103,0510324510,Computer Engineering,Un-Aided,"Kavayitri Bahinabai Chaudhari North Maharashtra University, Jalgaon"
05103,0510337210,Electronics and Telecommunication Engg,Un-Aided,"Kavayitri Bahinabai Chaudhari North Maharashtra University, Jalgaon"
05103,0510337610,Electronics Engineering,Un-Aided,"Kavayitri Bahinabai Chaudhari North Maharashtra University, Jalgaon"
05103,0510361210,Mechanical Engineering,Un-Aided,"Kavayitri Bahinabai Chaudhari North Maharashtra University, Jalgaon"
05103,0510384410,Electronics and Computer Engineering,Un-Aided,"Kavayitri Bahinabai Chaudhari North Maharashtra University, Jalgaon"
05103,0510399510,Artificial Intelligence and Data Science,Un-Aided,"Kavayitri Bahinabai Chaudhari North Maharashtra University, Jalgaon"
05104,0510419110,Civil Engineering,Un-Aided,"Kavayitri Bahinabai Chaudhari North Maharashtra University, Jalgaon"
05104,0510424510,Computer Engineering,Un-Aided,"Kavayitri Bahinabai Chaudhari North Maharashtra University, Jalgaon"
05104,0510429310,Electrical Engineering,Un-Aided,"Kavayitri Bahinabai Chaudhari North Maharashtra University, Jalgaon"
05104,0510437210,Electronics and Telecommunication Engg,Un-Aided,"Kavayitri Bahinabai Chaudhari North Maharashtra University, Jalgaon"
05104,0510450710,Chemical Engineering,Un-Aided,"Kavayitri Bahinabai Chaudhari North Maharashtra University, Jalgaon"
05104,0510461210,Mechanical Engineering,Un-Aided,"Kavayitri Bahinabai Chaudhari North Maharashtra University, Jalgaon"
05106,0510624510,Computer Engineering,Un-Aided Autonomous,Autonomous Institute
05106,0510629310,Electrical Engineering,Un-Aided Autonomous,Autonomous Institute
05106,0510661210,Mechanical Engineering,Un-Aided Autonomous,Autonomous Institute
05106,0510684410,Electronics and Computer Engineering,Un-Aided Autonomous,Autonomous Institute
05106,0510691110,Computer Science and Engineering(Artificial Intelligence and Machine Learning),Un-Aided Autonomous,Autonomous Institute
05106,0510691210,Computer Science and Engineering(Data Science),Un-Aided Autonomous,Autonomous Institute
05108,0510819110,Civil Engineering,Un-Aided Autonomous,Autonomous Institute
05108,0510824510,Computer Engineering,Un-Aided Autonomous,Autonomous Institute
05108,0510824610,Information Technology,Un-Aided Autonomous,Autonomous Institute
05108,0510826310,Artificial Intelligence (AI) and Data Science,Un-Aided Autonomous,Autonomous Institute
05108,0510829310,Electrical Engineering,Un-Aided Autonomous,Autonomous Institute
05108,0510837210,Electronics and Telecommunication Engg,Un-Aided Autonomous,Autonomous Institute
05108,0510846410,Instrumentation and Control Engineering,Un-Aided Autonomous,Autonomous Institute
05108,0510861210,Mechanical Engineering,Un-Aided Autonomous,Autonomous Institute
05108,0510891610,Automation and Robotics,Un-Aided Autonomous,Autonomous Institute
05109,0510919110,Civil Engineering,Un-Aided Autonomous,Autonomous Institute
05109,0510924510,Computer Engineering,Un-Aided Autonomous,Autonomous Institute
05109,0510924610,Information Technology,Un-Aided Autonomous,Autonomous Institute
05109,0510929310,Electrical Engineering,Un-Aided Autonomous,Autonomous Institute
05109,0510937210,Electronics and Telecommunication Engg,Un-Aided Autonomous,Autonomous Institute
05109,0510956610,Computer Science,Un-Aided Autonomous,Autonomous Institute
05109,0510961210,Mechanical Engineering,Un-Aided Autonomous,Autonomous Institute
05109,0510991610,Automation and Robotics,Un-Aided Autonomous,Autonomous Institute
05109,0510992110,Artificial Intelligence and Machine Learning,Un-Aided Autonomous,Autonomous Institute
05109,0510999510,Artificial Intelligence and Data Science,Un-Aided Autonomous,Autonomous Institute
05121,0512119110,Civil Engineering,Un-Aided Autonomous,Autonomous Institute
05121,0512121910,Robotics and Automation,Un-Aided Autonomous,Autonomous Institute
05121,0512124510,Computer Engineering,Un-Aided Autonomous,Autonomous Institute
05121,0512124610,Information Technology,Un-Aided Autonomous,Autonomous Institute
05121,0512125710,Computer Science and Design,Un-Aided Autonomous,Autonomous Institute
05121,0512129310,Electrical Engineering,Un-Aided Autonomous,Autonomous Institute
05121,0512137210,Electronics and Telecommunication Engg,Un-Aided Autonomous,Autonomous Institute
05121,0512150710,Chemical Engineering,Un-Aided Autonomous,Autonomous Institute
05121,0512161210,Mechanical Engineering,Un-Aided Autonomous,Autonomous Institute
05121,0512199510,Artificial Intelligence and Data Science,Un-Aided Autonomous,Autonomous Institute
05124,0512419110,Civil Engineering,Un-Aided Autonomous,Autonomous Institute
05124,0512424510,Computer Engineering,Un-Aided Autonomous,Autonomous Institute
05124,0512424610,Information Technology,Un-Aided Autonomous,Autonomous Institute
05124,0512429310,Electrical Engineering,Un-Aided Autonomous,Autonomous Institute
05124,0512461210,Mechanical Engineering,Un-Aided Autonomous,Autonomous Institute
05124,0512462410,Mechatronics Engineering,Un-Aided Autonomous,Autonomous Institute
05124,0512484410,Electronics and Computer Engineering,Un-Aided Autonomous,Autonomous Institute
05124,0512499510,Artificial Intelligence and Data Science,Un-Aided Autonomous,Autonomous Institute
05125,0512524510,Computer Engineering,Un-Aided,Savitribai Phule Pune University
05125,0512524610,Information Technology,Un-Aided,Savitribai Phule Pune University
05125,0512550710,Chemical Engineering,Un-Aided,Savitribai Phule Pune University
05125,0512584410,Electronics and Computer Engineering,Un-Aided,Savitribai Phule Pune University
05130,0513019110,Civil Engineering,Un-Aided,Savitribai Phule Pune University
05130,0513024510,Computer Engineering,Un-Aided,Savitribai Phule Pune University
05130,0513029310,Electrical Engineering,Un-Aided,Savitribai Phule Pune University
05130,0513061210,Mechanical Engineering,Un-Aided,Savitribai Phule Pune University
05139,0513919110,Civil Engineering,Un-Aided Autonomous,Autonomous Institute
05139,0513924510,Computer Engineering,Un-Aided Autonomous,Autonomous Institute
05139,0513924610,Information Technology,Un-Aided Autonomous,Autonomous Institute
05139,0513937210,Electronics and Telecommunication Engg,Un-Aided Autonomous,Autonomous Institute
05139,0513946410,Instrumentation and Control Engineering,Un-Aided Autonomous,Autonomous Institute
05139,0513950710,Chemical Engineering,Un-Aided Autonomous,Autonomous Institute
05139,0513961210,Mechanical Engineering,Un-Aided Autonomous,Autonomous Institute
05139,0513984410,Electronics and Computer Engineering,Un-Aided Autonomous,Autonomous Institute
05139,0513991610,Automation and Robotics,Un-Aided Autonomous,Autonomous Institute
05139,0513999510,Artificial Intelligence and Data Science,Un-Aided Autonomous,Autonomous Institute
05151,0515119110,Civil Engineering,Un-Aided,Savitribai Phule Pune University
05151,0515124510,Computer Engineering,Un-Aided,Savitribai Phule Pune University
05151,0515124610,Information Technology,Un-Aided,Savitribai Phule Pune University
05151,0515129310,Electrical Engineering,Un-Aided,Savitribai Phule Pune University
05151,0515137210,Electronics and Telecommunication Engg,Un-Aided,Savitribai Phule Pune University
05151,0515161210,Mechanical Engineering,Un-Aided,Savitribai Phule Pune University
05151,0515184410,Electronics and Computer Engineering,Un-Aided,Savitribai Phule Pune University
05151,0515199510,Artificial Intelligence and Data Science,Un-Aided,Savitribai Phule Pune University
05152,0515219110,Civil Engineering,Un-Aided Autonomous Linguistic Minority - Hindi,Autonomous Institute
05152,0515224210,Computer Science and Engineering,Un-Aided Autonomous Linguistic Minority - Hindi,Autonomous Institute
05152,0515224610,Information Technology,Un-Aided Autonomous Linguistic Minority - Hindi,Autonomous Institute
05152,0515229310,Electrical Engineering,Un-Aided Autonomous Linguistic Minority - Hindi,Autonomous Institute
05152,0515237210,Electronics and Telecommunication Engg,Un-Aided Autonomous Linguistic Minority - Hindi,Autonomous Institute
05152,0515261210,Mechanical Engineering,Un-Aided Autonomous Linguistic Minority - Hindi,Autonomous Institute
05152,0515291110,Computer Science and Engineering(Artificial Intelligence and Machine Learning),Un-Aided Autonomous Linguistic Minority - Hindi,Autonomous Institute
05152,0515291210,Computer Science and Engineering(Data Science),Un-Aided Autonomous Linguistic Minority - Hindi,Autonomous Institute
05152,0515291310,Computer Science and Engineering (Artificial Intelligence),Un-Aided Autonomous Linguistic Minority - Hindi,Autonomous Institute
05160,0516019110,Civil Engineering,Un-Aided Autonomous,Autonomous Institute
05160,0516024510,Computer Engineering,Un-Aided Autonomous,Autonomous Institute
05160,0516024610,Information Technology,Un-Aided Autonomous,Autonomous Institute
05160,0516029310,Electrical Engineering,Un-Aided Autonomous,Autonomous Institute
05160,0516061210,Mechanical Engineering,Un-Aided Autonomous,Autonomous Institute
05160,0516062410,Mechatronics Engineering,Un-Aided Autonomous,Autonomous Institute
05160,0516084410,Electronics and Computer Engineering,Un-Aided Autonomous,Autonomous Institute
05160,0516091510,Structural Engineering,Un-Aided Autonomous,Autonomous Institute
05161,0516119110,Civil Engineering,Un-Aided,Savitribai Phule Pune University
05161,0516124510,Computer Engineering,Un-Aided,Savitribai Phule Pune University
05161,0516124610,Information Technology,Un-Aided,Savitribai Phule Pune University
05161,0516125710,Computer Science and Design,Un-Aided,Savitribai Phule Pune University
05161,0516129310,Electrical Engineering,Un-Aided,Savitribai Phule Pune University
05161,0516137210,Electronics and Telecommunication Engg,Un-Aided,Savitribai Phule Pune University
05161,0516137810,Electronics Engineering ( VLSI Design and Technology),Un-Aided,Savitribai Phule Pune University
05161,0516161210,Mechanical Engineering,Un-Aided,Savitribai Phule Pune University
05161,0516199510,Artificial Intelligence and Data Science,Un-Aided,Savitribai Phule Pune University
05162,0516219110,Civil Engineering,Un-Aided Autonomous,Autonomous Institute
05162,0516224510,Computer Engineering,Un-Aided Autonomous,Autonomous Institute
05162,0516224610,Information Technology,Un-Aided Autonomous,Autonomous Institute
05162,0516229310,Electrical Engineering,Un-Aided Autonomous,Autonomous Institute
05162,0516237210,Electronics and Telecommunication Engg,Un-Aided Autonomous,Autonomous Institute
05162,0516261210,Mechanical Engineering,Un-Aided Autonomous,Autonomous Institute
05162,0516284410,Electronics and Computer Engineering,Un-Aided Autonomous,Autonomous Institute
05162,0516291610,Automation and Robotics,Un-Aided Autonomous,Autonomous Institute
05162,0516299510,Artificial Intelligence and Data Science,Un-Aided Autonomous,Autonomous Institute
05164,0516419110,Civil Engineering,Un-Aided Linguistic Minority - Gujar,"Kavayitri Bahinabai Chaudhari North Maharashtra University, Jalgaon"
05164,0516424510,Computer Engineering,Un-Aided Linguistic Minority - Gujar,"Kavayitri Bahinabai Chaudhari North Maharashtra University, Jalgaon"
05164,0516429310,Electrical Engineering,Un-Aided Linguistic Minority - Gujar,"Kavayitri Bahinabai Chaudhari North Maharashtra University, Jalgaon"
05164,0516437210,Electronics and Telecommunication Engg,Un-Aided Linguistic Minority - Gujar,"Kavayitri Bahinabai Chaudhari North Maharashtra University, Jalgaon"
05164,0516446610,Instrumentation Engineering,Un-Aided Linguistic Minority - Gujar,"Kavayitri Bahinabai Chaudhari North Maharashtra University, Jalgaon"
05164,0516461210,Mechanical Engineering,Un-Aided Linguistic Minority - Gujar,"Kavayitri Bahinabai Chaudhari North Maharashtra University, Jalgaon"
05164,0516499510,Artificial Intelligence and Data Science,Un-Aided Linguistic Minority - Gujar,"Kavayitri Bahinabai Chaudhari North Maharashtra University, Jalgaon"
05168,0516819110,Civil Engineering,Un-Aided,"Kavayitri Bahinabai Chaudhari North Maharashtra University, Jalgaon"
05168,0516824510,Computer Engineering,Un-Aided,"Kavayitri Bahinabai Chaudhari North Maharashtra University, Jalgaon"
05168,0516837210,Electronics and Telecommunication Engg,Un-Aided,"Kavayitri Bahinabai Chaudhari North Maharashtra University, Jalgaon"
05168,0516861210,Mechanical Engineering,Un-Aided,"Kavayitri Bahinabai Chaudhari North Maharashtra University, Jalgaon"
05169,0516919110,Civil Engineering,Un-Aided,"Kavayitri Bahinabai Chaudhari North Maharashtra University, Jalgaon"
05169,0516924510,Computer Engineering,Un-Aided,"Kavayitri Bahinabai Chaudhari North Maharashtra University, Jalgaon"
05169,0516929310,Electrical Engineering,Un-Aided,"Kavayitri Bahinabai Chaudhari North Maharashtra University, Jalgaon"
05169,0516937210,Electronics and Telecommunication Engg,Un-Aided,"Kavayitri Bahinabai Chaudhari North Maharashtra University, Jalgaon"
05169,0516961210,Mechanical Engineering,Un-Aided,"Kavayitri Bahinabai Chaudhari North Maharashtra University, Jalgaon"
05169,0516991110,Computer Science and Engineering(Artificial Intelligence and Machine Learning),Un-Aided,"Kavayitri Bahinabai Chaudhari North Maharashtra University, Jalgaon"
05170,0517019110,Civil Engineering,Un-Aided Autonomous Linguistic Minority - Hindi,Autonomous Institute
05170,0517024210,Computer Science and Engineering,Un-Aided Autonomous Linguistic Minority - Hindi,Autonomous Institute
05170,0517026310,Artificial Intelligence (AI) and Data Science,Un-Aided Autonomous Linguistic Minority - Hindi,Autonomous Institute
05170,0517029310,Electrical Engineering,Un-Aided Autonomous Linguistic Minority - Hindi,Autonomous Institute
05170,0517037210,Electronics and Telecommunication Engg,Un-Aided Autonomous Linguistic Minority - Hindi,Autonomous Institute
05170,0517061210,Mechanical Engineering,Un-Aided Autonomous Linguistic Minority - Hindi,Autonomous Institute
05170,0517091210,Computer Science and Engineering(Data Science),Un-Aided Autonomous Linguistic Minority - Hindi,Autonomous Institute
05171,0517124510,Computer Engineering,Un-Aided Autonomous,Autonomous Institute
05171,0517126310,Artificial Intelligence (AI) and Data Science,Un-Aided Autonomous,Autonomous Institute
05171,0517129310,Electrical Engineering,Un-Aided Autonomous,Autonomous Institute
05171,0517137210,Electronics and Telecommunication Engg,Un-Aided Autonomous,Autonomous Institute
05171,0517161210,Mechanical Engineering,Un-Aided Autonomous,Autonomous Institute
05172,0517219110,Civil Engineering,Un-Aided Autonomous Linguistic Minority - Gujarathi,Autonomous Institute
05172,0517224510,Computer Engineering,Un-Aided Autonomous Linguistic Minority - Gujarathi,Autonomous Institute
05172,0517224610,Information Technology,Un-Aided Autonomous Linguistic Minority - Gujarathi,Autonomous Institute
05172,0517229310,Electrical Engineering,Un-Aided Autonomous Linguistic Minority - Gujarathi,Autonomous Institute
05172,0517237210,Electronics and Telecommunication Engg,Un-Aided Autonomous Linguistic Minority - Gujarathi,Autonomous Institute
05172,0517261210,Mechanical Engineering,Un-Aided Autonomous Linguistic Minority - Gujarathi,Autonomous Institute
05172,0517291210,Computer Science and Engineering(Data Science),Un-Aided Autonomous Linguistic Minority - Gujarathi,Autonomous Institute
05172,0517292110,Artificial Intelligence and Machine Learning,Un-Aided Autonomous Linguistic Minority - Gujarathi,Autonomous Institute
05172,0517299510,Artificial Intelligence and Data Science,Un-Aided Autonomous Linguistic Minority - Gujarathi,Autonomous Institute
05173,0517319110,Civil Engineering,Un-Aided Autonomous Religious Minority - Jain,Autonomous Institute
05173,0517324510,Computer Engineering,Un-Aided Autonomous Religious Minority - Jain,Autonomous Institute
05173,0517337210,Electronics and Telecommunication Engg,Un-Aided Autonomous Religious Minority - Jain,Autonomous Institute
05173,0517361210,Mechanical Engineering,Un-Aided Autonomous Religious Minority - Jain,Autonomous Institute
05173,0517399510,Artificial Intelligence and Data Science,Un-Aided Autonomous Religious Minority - Jain,Autonomous Institute
05177,0517719110,Civil Engineering,Un-Aided Autonomous,Autonomous Institute
05177,0517724510,Computer Engineering,Un-Aided Autonomous,Autonomous Institute
05177,0517724610,Information Technology,Un-Aided Autonomous,Autonomous Institute
05177,0517729310,Electrical Engineering,Un-Aided Autonomous,Autonomous Institute
05177,0517737210,Electronics and Telecommunication Engg,Un-Aided Autonomous,Autonomous Institute
05177,0517761210,Mechanical Engineering,Un-Aided Autonomous,Autonomous Institute
05177,0517784410,Electronics and Computer Engineering,Un-Aided Autonomous,Autonomous Institute
05177,0517799510,Artificial Intelligence and Data Science,Un-Aided Autonomous,Autonomous Institute
05179,0517919110,Civil Engineering,Un-Aided,Savitribai Phule Pune University
05179,0517924510,Computer Engineering,Un-Aided,Savitribai Phule Pune University
05179,0517926310,Artificial Intelligence (AI) and Data Science,Un-Aided,Savitribai Phule Pune University
05179,0517929310,Electrical Engineering,Un-Aided,Savitribai Phule Pune University
05179,0517961210,Mechanical Engineering,Un-Aided,Savitribai Phule Pune University
05179,0517984410,Electronics and Computer Engineering,Un-Aided,Savitribai Phule Pune University
05179,0517992110,Artificial Intelligence and Machine Learning,Un-Aided,Savitribai Phule Pune University
05181,0518119110,Civil Engineering,Un-Aided,Savitribai Phule Pune University
05181,0518124510,Computer Engineering,Un-Aided,Savitribai Phule Pune University
05181,0518129310,Electrical Engineering,Un-Aided,Savitribai Phule Pune University
05181,0518137210,Electronics and Telecommunication Engg,Un-Aided,Savitribai Phule Pune University
05181,0518161210,Mechanical Engineering,Un-Aided,Savitribai Phule Pune University
05181,0518199510,Artificial Intelligence and Data Science,Un-Aided,Savitribai Phule Pune University
05182,0518219110,Civil Engineering,Un-Aided,Savitribai Phule Pune University
05182,0518224510,Computer Engineering,Un-Aided,Savitribai Phule Pune University
05182,0518226310,Artificial Intelligence (AI) and Data Science,Un-Aided,Savitribai Phule Pune University
05182,0518229310,Electrical Engineering,Un-Aided,Savitribai Phule Pune University
05182,0518237210,Electronics and Telecommunication Engg,Un-Aided,Savitribai Phule Pune University
05182,0518261210,Mechanical Engineering,Un-Aided,Savitribai Phule Pune University
05184,0518419110,Civil Engineering,Un-Aided Religious Minority - Christian,Savitribai Phule Pune University
05184,0518424510,Computer Engineering,Un-Aided Religious Minority - Christian,Savitribai Phule Pune University
05184,0518429310,Electrical Engineering,Un-Aided Religious Minority - Christian,Savitribai Phule Pune University
05184,0518437210,Electronics and Telecommunication Engg,Un-Aided Religious Minority - Christian,Savitribai Phule Pune University
05184,0518461210,Mechanical Engineering,Un-Aided Religious Minority - Christian,Savitribai Phule Pune University
05223,0522324510,Computer Engineering,Un-Aided,"Kavayitri Bahinabai Chaudhari North Maharashtra University, Jalgaon"
05223,0522329310,Electrical Engineering,Un-Aided,"Kavayitri Bahinabai Chaudhari North Maharashtra University, Jalgaon"
05223,0522337210,Electronics and Telecommunication Engg,Un-Aided,"Kavayitri Bahinabai Chaudhari North Maharashtra University, Jalgaon"
05223,0522361210,Mechanical Engineering,Un-Aided,"Kavayitri Bahinabai Chaudhari North Maharashtra University, Jalgaon"
05235,0523524210,Computer Science and Engineering,Un-Aided,Savitribai Phule Pune University
05235,0523584410,Electronics and Computer Engineering,Un-Aided,Savitribai Phule Pune University
05235,0523591210,Computer Science and Engineering(Data Science),Un-Aided,Savitribai Phule Pune University
05235,0523592110,Artificial Intelligence and Machine Learning,Un-Aided,Savitribai Phule Pune University
05239,0523919110,Civil Engineering,Un-Aided Religious Minority - Muslim,"Kavayitri Bahinabai Chaudhari North Maharashtra University, Jalgaon"
05239,0523929310,Electrical Engineering,Un-Aided Religious Minority - Muslim,"Kavayitri Bahinabai Chaudhari North Maharashtra University, Jalgaon"
05239,0523961210,Mechanical Engineering,Un-Aided Religious Minority - Muslim,"Kavayitri Bahinabai Chaudhari North Maharashtra University, Jalgaon"
05244,0524424210,Computer Science and Engineering,Un-Aided,Savitribai Phule Pune University
05244,0524425710,Computer Science and Design,Un-Aided,Savitribai Phule Pune University
05244,0524429710,Electrical and Electronics Engineering,Un-Aided,Savitribai Phule Pune University
05244,0524491610,Automation and Robotics,Un-Aided,Savitribai Phule Pune University
05244,0524492210,Civil and Environmental Engineering,Un-Aided,Savitribai Phule Pune University
05249,0524919110,Civil Engineering,Un-Aided,"Kavayitri Bahinabai Chaudhari North Maharashtra University, Jalgaon"
05249,0524924510,Computer Engineering,Un-Aided,"Kavayitri Bahinabai Chaudhari North Maharashtra University, Jalgaon"
05249,0524929310,Electrical Engineering,Un-Aided,"Kavayitri Bahinabai Chaudhari North Maharashtra University, Jalgaon"
05249,0524961210,Mechanical Engineering,Un-Aided,"Kavayitri Bahinabai Chaudhari North Maharashtra University, Jalgaon"
05256,0525624510,Computer Engineering,Un-Aided,Savitribai Phule Pune University
05256,0525624610,Information Technology,Un-Aided,Savitribai Phule Pune University
05256,0525684410,Electronics and Computer Engineering,Un-Aided,Savitribai Phule Pune University
05263,0526324510,Computer Engineering,Un-Aided,Savitribai Phule Pune University
05263,0526329310,Electrical Engineering,Un-Aided,Savitribai Phule Pune University
05263,0526337210,Electronics and Telecommunication Engg,Un-Aided,Savitribai Phule Pune University
05263,0526361210,Mechanical Engineering,Un-Aided,Savitribai Phule Pune University
05303,0530319110,Civil Engineering,Un-Aided,Savitribai Phule Pune University
05303,0530324510,Computer Engineering,Un-Aided,Savitribai Phule Pune University
05303,0530324530E,Computer Engineering,Un-Aided,Savitribai Phule Pune University
05303,0530329310,Electrical Engineering,Un-Aided,Savitribai Phule Pune University
05303,0530337230E,Electronics and Telecommunication Engg,Un-Aided,Savitribai Phule Pune University
05303,0530361210,Mechanical Engineering,Un-Aided,Savitribai Phule Pune University
05303,0530361230E,Mechanical Engineering,Un-Aided,Savitribai Phule Pune University
05303,0530384410,Electronics and Computer Engineering,Un-Aided,Savitribai Phule Pune University
05303,0530399510,Artificial Intelligence and Data Science,Un-Aided,Savitribai Phule Pune University
05303,0530399530E,Artificial Intelligence and Data Science,Un-Aided,Savitribai Phule Pune University
05330,0533024510,Computer Engineering,Un-Aided,Savitribai Phule Pune University
05330,0533024610,Information Technology,Un-Aided,Savitribai Phule Pune University
05330,0533037210,Electronics and Telecommunication Engg,Un-Aided,Savitribai Phule Pune University
05330,0533061210,Mechanical Engineering,Un-Aided,Savitribai Phule Pune University
05330,0533099510,Artificial Intelligence and Data Science,Un-Aided,Savitribai Phule Pune University
05331,0533119110,Civil Engineering,Un-Aided,Savitribai Phule Pune University
05331,0533124510,Computer Engineering,Un-Aided,Savitribai Phule Pune University
05331,0533124610,Information Technology,Un-Aided,Savitribai Phule Pune University
05331,0533129310,Electrical Engineering,Un-Aided,Savitribai Phule Pune University
05331,0533137210,Electronics and Telecommunication Engg,Un-Aided,Savitribai Phule Pune University
05331,0533161210,Mechanical Engineering,Un-Aided,Savitribai Phule Pune University
05331,0533191610,Automation and Robotics,Un-Aided,Savitribai Phule Pune University
05331,0533199510,Artificial Intelligence and Data Science,Un-Aided,Savitribai Phule Pune University
05365,0536519110,Civil Engineering,Un-Aided Religious Minority - Jain,"Kavayitri Bahinabai Chaudhari North Maharashtra University, Jalgaon"
05365,0536525110,Computer Technology,Un-Aided Religious Minority - Jain,"Kavayitri Bahinabai Chaudhari North Maharashtra University, Jalgaon"
05365,0536529310,Electrical Engineering,Un-Aided Religious Minority - Jain,"Kavayitri Bahinabai Chaudhari North Maharashtra University, Jalgaon"
05365,0536561210,Mechanical Engineering,Un-Aided Religious Minority - Jain,"Kavayitri Bahinabai Chaudhari North Maharashtra University, Jalgaon"
05365,0536584410,Electronics and Computer Engineering,Un-Aided Religious Minority - Jain,"Kavayitri Bahinabai Chaudhari North Maharashtra University, Jalgaon"
05365,0536592110,Artificial Intelligence and Machine Learning,Un-Aided Religious Minority - Jain,"Kavayitri Bahinabai Chaudhari North Maharashtra University, Jalgaon"
05370,0537019110,Civil Engineering,Un-Aided,Savitribai Phule Pune University
05370,0537024510,Computer Engineering,Un-Aided,Savitribai Phule Pune University
05370,0537029310,Electrical Engineering,Un-Aided,Savitribai Phule Pune University
05370,0537061210,Mechanical Engineering,Un-Aided,Savitribai Phule Pune University
05370,0537099510,Artificial Intelligence and Data Science,Un-Aided,Savitribai Phule Pune University
05380,0538019110,Civil Engineering,Un-Aided,Savitribai Phule Pune University
05380,0538024510,Computer Engineering,Un-Aided,Savitribai Phule Pune University
05380,0538024610,Information Technology,Un-Aided,Savitribai Phule Pune University
05380,0538029310,Electrical Engineering,Un-Aided,Savitribai Phule Pune University
05380,0538037210,Electronics and Telecommunication Engg,Un-Aided,Savitribai Phule Pune University
05380,0538061210,Mechanical Engineering,Un-Aided,Savitribai Phule Pune University
05380,0538099510,Artificial Intelligence and Data Science,Un-Aided,Savitribai Phule Pune University
05381,0538119110,Civil Engineering,Un-Aided,"Kavayitri Bahinabai Chaudhari North Maharashtra University, Jalgaon"
05381,0538124210,Computer Science and Engineering,Un-Aided,"Kavayitri Bahinabai Chaudhari North Maharashtra University, Jalgaon"
05381,0538129310,Electrical Engineering,Un-Aided,"Kavayitri Bahinabai Chaudhari North Maharashtra University, Jalgaon"
05381,0538161210,Mechanical Engineering,Un-Aided,"Kavayitri Bahinabai Chaudhari North Maharashtra University, Jalgaon"
05381,0538199510,Artificial Intelligence and Data Science,Un-Aided,"Kavayitri Bahinabai Chaudhari North Maharashtra University, Jalgaon"
05382,0538219110,Civil Engineering,Un-Aided,Savitribai Phule Pune University
05382,0538221910,Robotics and Automation,Un-Aided,Savitribai Phule Pune University
05382,0538224510,Computer Engineering,Un-Aided,Savitribai Phule Pune University
05382,0538226310,Artificial Intelligence (AI) and Data Science,Un-Aided,Savitribai Phule Pune University
05382,0538237210,Electronics and Telecommunication Engg,Un-Aided,Savitribai Phule Pune University
05382,0538261210,Mechanical Engineering,Un-Aided,Savitribai Phule Pune University
05382,0538292110,Artificial Intelligence and Machine Learning,Un-Aided,Savitribai Phule Pune University
05390,0539019110,Civil Engineering,Un-Aided,Savitribai Phule Pune University
05390,0539024510,Computer Engineering,Un-Aided,Savitribai Phule Pune University
05390,0539024610,Information Technology,Un-Aided,Savitribai Phule Pune University
05390,0539029310,Electrical Engineering,Un-Aided,Savitribai Phule Pune University
05390,0539061210,Mechanical Engineering,Un-Aided,Savitribai Phule Pune University
05390,0539092110,Artificial Intelligence and Machine Learning,Un-Aided,Savitribai Phule Pune University
05395,0539524510,Computer Engineering,Un-Aided,Savitribai Phule Pune University
05395,0539537210,Electronics and Telecommunication Engg,Un-Aided,Savitribai Phule Pune University
05395,0539561210,Mechanical Engineering,Un-Aided,Savitribai Phule Pune University
05396,0539619110,Civil Engineering,Un-Aided,"Kavayitri Bahinabai Chaudhari North Maharashtra University, Jalgaon"
05396,0539624510,Computer Engineering,Un-Aided,"Kavayitri Bahinabai Chaudhari North Maharashtra University, Jalgaon"
05396,0539629310,Electrical Engineering,Un-Aided,"Kavayitri Bahinabai Chaudhari North Maharashtra University, Jalgaon"
05396,0539661210,Mechanical Engineering,Un-Aided,"Kavayitri Bahinabai Chaudhari North Maharashtra University, Jalgaon"
05399,0539919110,Civil Engineering,Un-Aided,Savitribai Phule Pune University
05399,0539924510,Computer Engineering,Un-Aided,Savitribai Phule Pune University
05399,0539924610,Information Technology,Un-Aided,Savitribai Phule Pune University
05399,0539929310,Electrical Engineering,Un-Aided,Savitribai Phule Pune University
05399,0539961210,Mechanical Engineering,Un-Aided,Savitribai Phule Pune University
05399,0539992110,Artificial Intelligence and Machine Learning,Un-Aided,Savitribai Phule Pune University
05401,0540119110,Civil Engineering,Un-Aided,Savitribai Phule Pune University
05401,0540124510,Computer Engineering,Un-Aided,Savitribai Phule Pune University
05401,0540124610,Information Technology,Un-Aided,Savitribai Phule Pune University
05401,0540126310,Artificial Intelligence (AI) and Data Science,Un-Aided,Savitribai Phule Pune University
05401,0540129310,Electrical Engineering,Un-Aided,Savitribai Phule Pune University
05401,0540161210,Mechanical Engineering,Un-Aided,Savitribai Phule Pune University
05401,0540184410,Electronics and Computer Engineering,Un-Aided,Savitribai Phule Pune University
05401,0540191610,Automation and Robotics,Un-Aided,Savitribai Phule Pune University
05408,0540819110,Civil Engineering,Un-Aided,Savitribai Phule Pune University
05408,0540824510,Computer Engineering,Un-Aided,Savitribai Phule Pune University
05408,0540829310,Electrical Engineering,Un-Aided,Savitribai Phule Pune University
05408,0540837210,Electronics and Telecommunication Engg,Un-Aided,Savitribai Phule Pune University
05408,0540861210,Mechanical Engineering,Un-Aided,Savitribai Phule Pune University
05408,0540884410,Electronics and Computer Engineering,Un-Aided,Savitribai Phule Pune University
05408,0540899510,Artificial Intelligence and Data Science,Un-Aided,Savitribai Phule Pune University
05409,0540924510,Computer Engineering,Un-Aided,Savitribai Phule Pune University
05409,0540929310,Electrical Engineering,Un-Aided,Savitribai Phule Pune University
05409,0540937210,Electronics and Telecommunication Engg,Un-Aided,Savitribai Phule Pune University
05409,0540961210,Mechanical Engineering,Un-Aided,Savitribai Phule Pune University
05411,0541119110,Civil Engineering,Un-Aided Religious Minority - Muslim,Savitribai Phule Pune University
05411,0541124510,Computer Engineering,Un-Aided Religious Minority - Muslim,Savitribai Phule Pune University
05411,0541129310,Electrical Engineering,Un-Aided Religious Minority - Muslim,Savitribai Phule Pune University
05411,0541137210,Electronics and Telecommunication Engg,Un-Aided Religious Minority - Muslim,Savitribai Phule Pune University
05411,0541161210,Mechanical Engineering,Un-Aided Religious Minority - Muslim,Savitribai Phule Pune University
05413,0541319110,Civil Engineering,Un-Aided,"Kavayitri Bahinabai Chaudhari North Maharashtra University, Jalgaon"
05413,0541324510,Computer Engineering,Un-Aided,"Kavayitri Bahinabai Chaudhari North Maharashtra University, Jalgaon"
05413,0541329310,Electrical Engineering,Un-Aided,"Kavayitri Bahinabai Chaudhari North Maharashtra University, Jalgaon"
05413,0541361210,Mechanical Engineering,Un-Aided,"Kavayitri Bahinabai Chaudhari North Maharashtra University, Jalgaon"
05413,0541392110,Artificial Intelligence and Machine Learning,Un-Aided,"Kavayitri Bahinabai Chaudhari North Maharashtra University, Jalgaon"
05414,0541419110,Civil Engineering,Un-Aided,"Kavayitri Bahinabai Chaudhari North Maharashtra University, Jalgaon"
05414,0541424510,Computer Engineering,Un-Aided,"Kavayitri Bahinabai Chaudhari North Maharashtra University, Jalgaon"
05414,0541426310,Artificial Intelligence (AI) and Data Science,Un-Aided,"Kavayitri Bahinabai Chaudhari North Maharashtra University, Jalgaon"
05414,0541429310,Electrical Engineering,Un-Aided,"Kavayitri Bahinabai Chaudhari North Maharashtra University, Jalgaon"
05414,0541437210,Electronics and Telecommunication Engg,Un-Aided,"Kavayitri Bahinabai Chaudhari North Maharashtra University, Jalgaon"
05414,0541461210,Mechanical Engineering,Un-Aided,"Kavayitri Bahinabai Chaudhari North Maharashtra University, Jalgaon"
05418,0541819110,Civil Engineering,Un-Aided,Savitribai Phule Pune University
05418,0541824510,Computer Engineering,Un-Aided,Savitribai Phule Pune University
05418,0541826310,Artificial Intelligence (AI) and Data Science,Un-Aided,Savitribai Phule Pune University
05418,0541829310,Electrical Engineering,Un-Aided,Savitribai Phule Pune University
05418,0541861210,Mechanical Engineering,Un-Aided,Savitribai Phule Pune University
05418,0541891610,Automation and Robotics,Un-Aided,Savitribai Phule Pune University
05433,0543324510,Computer Engineering,Un-Aided Linguistic Minority - Gujarathi,"Kavayitri Bahinabai Chaudhari North Maharashtra University, Jalgaon"
05433,0543324610,Information Technology,Un-Aided Linguistic Minority - Gujarathi,"Kavayitri Bahinabai Chaudhari North Maharashtra University, Jalgaon"
05433,0543384410,Electronics and Computer Engineering,Un-Aided Linguistic Minority - Gujarathi,"Kavayitri Bahinabai Chaudhari North Maharashtra University, Jalgaon"
05433,0543392110,Artificial Intelligence and Machine Learning,Un-Aided Linguistic Minority - Gujarathi,"Kavayitri Bahinabai Chaudhari North Maharashtra University, Jalgaon"
05497,0549719110,Civil Engineering,Un-Aided,"Kavayitri Bahinabai Chaudhari North Maharashtra University, Jalgaon"
05497,0549724510,Computer Engineering,Un-Aided,"Kavayitri Bahinabai Chaudhari North Maharashtra University, Jalgaon"
05497,0549761210,Mechanical Engineering,Un-Aided,"Kavayitri Bahinabai Chaudhari North Maharashtra University, Jalgaon"
05497,0549791710,Data Science,Un-Aided,"Kavayitri Bahinabai Chaudhari North Maharashtra University, Jalgaon"
05509,0550924510,Computer Engineering,Un-Aided,Savitribai Phule Pune University
05509,0550924610,Information Technology,Un-Aided,Savitribai Phule Pune University
05509,0550929310,Electrical Engineering,Un-Aided,Savitribai Phule Pune University
05509,0550937210,Electronics and Telecommunication Engg,Un-Aided,Savitribai Phule Pune University
05509,0550961210,Mechanical Engineering,Un-Aided,Savitribai Phule Pune University
05509,0550999510,Artificial Intelligence and Data Science,Un-Aided,Savitribai Phule Pune University
05513,0551319110,Civil Engineering,Un-Aided,"Kavayitri Bahinabai Chaudhari North Maharashtra University, Jalgaon"
05513,0551324510,Computer Engineering,Un-Aided,"Kavayitri Bahinabai Chaudhari North Maharashtra University, Jalgaon"
05513,0551329310,Electrical Engineering,Un-Aided,"Kavayitri Bahinabai Chaudhari North Maharashtra University, Jalgaon"
05513,0551337210,Electronics and Telecommunication Engg,Un-Aided,"Kavayitri Bahinabai Chaudhari North Maharashtra University, Jalgaon"
05513,0551399510,Artificial Intelligence and Data Science,Un-Aided,"Kavayitri Bahinabai Chaudhari North Maharashtra University, Jalgaon"
05545,0554524210,Computer Science and Engineering,Un-Aided Linguistic Minority - Gujarathi,"Kavayitri Bahinabai Chaudhari North Maharashtra University, Jalgaon"
05545,0554524610,Information Technology,Un-Aided Linguistic Minority - Gujarathi,"Kavayitri Bahinabai Chaudhari North Maharashtra University, Jalgaon"
05545,0554584410,Electronics and Computer Engineering,Un-Aided Linguistic Minority - Gujarathi,"Kavayitri Bahinabai Chaudhari North Maharashtra University, Jalgaon"
05545,0554591710,Data Science,Un-Aided Linguistic Minority - Gujarathi,"Kavayitri Bahinabai Chaudhari North Maharashtra University, Jalgaon"
05597,0559724510,Computer Engineering,Un-Aided,Savitribai Phule Pune University
05597,0559729310,Electrical Engineering,Un-Aided,Savitribai Phule Pune University
05597,0559737210,Electronics and Telecommunication Engg,Un-Aided,Savitribai Phule Pune University
05597,0559761210,Mechanical Engineering,Un-Aided,Savitribai Phule Pune University
05597,0559799710,Artificial Intelligence,Un-Aided,Savitribai Phule Pune University
05682,0568224210,Computer Science and Engineering,Un-Aided,Savitribai Phule Pune University
05682,0568229310,Electrical Engineering,Un-Aided,Savitribai Phule Pune University
05682,0568261210,Mechanical Engineering,Un-Aided,Savitribai Phule Pune University
05682,0568291110,Computer Science and Engineering(Artificial Intelligence and Machine Learning),Un-Aided,Savitribai Phule Pune University
05683,0568324210,Computer Science and Engineering,Un-Aided,Savitribai Phule Pune University
05683,0568329310,Electrical Engineering,Un-Aided,Savitribai Phule Pune University
05683,0568361210,Mechanical Engineering,Un-Aided,Savitribai Phule Pune University
05683,0568391110,Computer Science and Engineering(Artificial Intelligence and Machine Learning),Un-Aided,Savitribai Phule Pune University
05686,0568619110,Civil Engineering,Un-Aided,Savitribai Phule Pune University
05686,0568624510,Computer Engineering,Un-Aided,Savitribai Phule Pune University
05686,0568629310,Electrical Engineering,Un-Aided,Savitribai Phule Pune University
05686,0568661210,Mechanical Engineering,Un-Aided,Savitribai Phule Pune University
05686,0568692110,Artificial Intelligence and Machine Learning,Un-Aided,Savitribai Phule Pune University
05688,0568824510,Computer Engineering,Un-Aided,Savitribai Phule Pune University
05688,0568837310,Electronics and Telecommunication,Un-Aided,Savitribai Phule Pune University
05688,0568884410,Electronics and Computer Engineering,Un-Aided,Savitribai Phule Pune University
05688,0568899510,Artificial Intelligence and Data Science,Un-Aided,Savitribai Phule Pune University
06004,0600419110,Civil Engineering,Government,Savitribai Phule Pune University
06004,0600424510,Computer Engineering,Government,Savitribai Phule Pune University
06004,0600437210,Electronics and Telecommunication Engg,Government,Savitribai Phule Pune University
06004,0600446410,Instrumentation and Control Engineering,Government,Savitribai Phule Pune University
06004,0600460210,Automobile Engineering,Government,Savitribai Phule Pune University
06004,0600461210,Mechanical Engineering,Government,Savitribai Phule Pune University
06005,0600519110,Civil Engineering,Government Autonomous,Autonomous Institute
06005,0600524610,Information Technology,Government Autonomous,Autonomous Institute
06005,0600529310,Electrical Engineering,Government Autonomous,Autonomous Institute
06005,0600537210,Electronics and Telecommunication Engg,Government Autonomous,Autonomous Institute
06005,0600561210,Mechanical Engineering,Government Autonomous,Autonomous Institute
06007,0600719110,Civil Engineering,Government-Aided Autonomous,Autonomous Institute
06007,0600721970U,Robotics and Automation,Un-Aided Autonomous,Autonomous Institute
06007,0600724210,Computer Science and Engineering,Government-Aided Autonomous,Autonomous Institute
06007,0600724270U,Computer Science and Engineering,Un-Aided Autonomous,Autonomous Institute
06007,0600724610,Information Technology,Government-Aided Autonomous,Autonomous Institute
06007,0600724670U,Information Technology,Un-Aided Autonomous,Autonomous Institute
06007,0600729310,Electrical Engineering,Government-Aided Autonomous,Autonomous Institute
06007,0600737610,Electronics Engineering,Government-Aided Autonomous,Autonomous Institute
06007,0600738810U,VLSI Design and Embedded Systems,Un-Aided Autonomous,Autonomous Institute
06007,0600761210,Mechanical Engineering,Government-Aided Autonomous,Autonomous Institute
06007,0600792170U,Artificial Intelligence and Machine Learning,Un-Aided Autonomous,Autonomous Institute
06028,0602819110,Civil Engineering,University Department,Shivaji University
06028,0602825410,Computer Science and Technology,University Department,Shivaji University
06028,0602837210,Electronics and Telecommunication Engg,University Department,Shivaji University
06028,0602850310,Food Technology,University Department,Shivaji University
06028,0602850710,Chemical Engineering,University Department,Shivaji University
06028,0602861210,Mechanical Engineering,University Managed (Un-Aided),Shivaji University
06036,0603624210,Computer Science and Engineering,Government,Shivaji University
06036,0603626310,Artificial Intelligence (AI) and Data Science,Government,Shivaji University
06036,0603629310,Electrical Engineering,Government,Shivaji University
06036,0603637210,Electronics and Telecommunication Engg,Government,Shivaji University
06036,0603661510,Mechanical and Automation Engineering,Government,Shivaji University
06041,0604108210,Bio Technology,University Department,Punyashlok Ahilyadevi Holkar Solapur University
06041,0604125210,Cyber Security,University Department,Punyashlok Ahilyadevi Holkar Solapur University
06041,0604138010,Nano Science and Technology,University Department,Punyashlok Ahilyadevi Holkar Solapur University
06041,0604150310,Food Technology,University Department,Punyashlok Ahilyadevi Holkar Solapur University
06041,0604151510,Chemical Technology,University Department,Punyashlok Ahilyadevi Holkar Solapur University
06041,0604172910,Surface Coating Technology,University Department,Punyashlok Ahilyadevi Holkar Solapur University
06041,0604191710,Data Science,University Department,Punyashlok Ahilyadevi Holkar Solapur University
06041,0604192110,Artificial Intelligence and Machine Learning,University Department,Punyashlok Ahilyadevi Holkar Solapur University
06122,0612219110,Civil Engineering,Un-Aided,Savitribai Phule Pune University
06122,0612224510,Computer Engineering,Un-Aided,Savitribai Phule Pune University
06122,0612237210,Electronics and Telecommunication Engg,Un-Aided,Savitribai Phule Pune University
06122,0612261210,Mechanical Engineering,Un-Aided,Savitribai Phule Pune University
06122,0612291210,Computer Science and Engineering(Data Science),Un-Aided,Savitribai Phule Pune University
06138,0613819110,Civil Engineering,Un-Aided,Savitribai Phule Pune University
06138,0613824510,Computer Engineering,Un-Aided,Savitribai Phule Pune University
06138,0613824610,Information Technology,Un-Aided,Savitribai Phule Pune University
06138,0613826310,Artificial Intelligence (AI) and Data Science,Un-Aided,Savitribai Phule Pune University
06138,0613837210,Electronics and Telecommunication Engg,Un-Aided,Savitribai Phule Pune University
06138,0613861210,Mechanical Engineering,Un-Aided,Savitribai Phule Pune University
06139,0613924210,Computer Science and Engineering,Un-Aided Autonomous,Autonomous Institute
06139,0613924510,Computer Engineering,Un-Aided Autonomous,Autonomous Institute
06139,0613929310,Electrical Engineering,Un-Aided Autonomous,Autonomous Institute
06139,0613937210,Electronics and Telecommunication Engg,Un-Aided Autonomous,Autonomous Institute
06139,0613961210,Mechanical Engineering,Un-Aided Autonomous,Autonomous Institute
06139,0613984410,Electronics and Computer Engineering,Un-Aided Autonomous,Autonomous Institute
06139,0613992510,Computer Science and Engineering (Artificial Intelligence and Data Science),Un-Aided Autonomous,Autonomous Institute
06141,0614119110,Civil Engineering,Un-Aided Autonomous,Autonomous Institute
06141,0614124510,Computer Engineering,Un-Aided Autonomous,Autonomous Institute
06141,0614124610,Information Technology,Un-Aided Autonomous,Autonomous Institute
06141,0614126210,Computer Science and Business Systems,Un-Aided Autonomous,Autonomous Institute
06141,0614129310,Electrical Engineering,Un-Aided Autonomous,Autonomous Institute
06141,0614137210,Electronics and Telecommunication Engg,Un-Aided Autonomous,Autonomous Institute
06141,0614161210,Mechanical Engineering,Un-Aided Autonomous,Autonomous Institute
06141,0614191610,Automation and Robotics,Un-Aided Autonomous,Autonomous Institute
06144,0614419110,Civil Engineering,Un-Aided,Savitribai Phule Pune University
06144,0614424510,Computer Engineering,Un-Aided,Savitribai Phule Pune University
06144,0614424610,Information Technology,Un-Aided,Savitribai Phule Pune University
06144,0614437210,Electronics and Telecommunication Engg,Un-Aided,Savitribai Phule Pune University
06144,0614461210,Mechanical Engineering,Un-Aided,Savitribai Phule Pune University
06144,0614492110,Artificial Intelligence and Machine Learning,Un-Aided,Savitribai Phule Pune University
06144,0614499510,Artificial Intelligence and Data Science,Un-Aided,Savitribai Phule Pune University
06145,0614524510,Computer Engineering,Un-Aided Autonomous,Autonomous Institute
06145,0614524610,Information Technology,Un-Aided Autonomous,Autonomous Institute
06145,0614526310,Artificial Intelligence (AI) and Data Science,Un-Aided Autonomous,Autonomous Institute
06145,0614529310,Electrical Engineering,Un-Aided Autonomous,Autonomous Institute
06145,0614537210,Electronics and Telecommunication Engg,Un-Aided Autonomous,Autonomous Institute
06145,0614561210,Mechanical Engineering,Un-Aided Autonomous,Autonomous Institute
06146,0614619110,Civil Engineering,Un-Aided Autonomous,Autonomous Institute
06146,0614624510,Computer Engineering,Un-Aided Autonomous,Autonomous Institute
06146,0614624530E,Computer Engineering,Un-Aided Autonomous,Autonomous Institute
06146,0614624610,Information Technology,Un-Aided Autonomous,Autonomous Institute
06146,0614637210,Electronics and Telecommunication Engg,Un-Aided Autonomous,Autonomous Institute
06146,0614637230E,Electronics and Telecommunication Engg,Un-Aided Autonomous,Autonomous Institute
06146,0614650710,Chemical Engineering,Un-Aided Autonomous,Autonomous Institute
06146,0614661210,Mechanical Engineering,Un-Aided Autonomous,Autonomous Institute
06146,0614684430E,Electronics and Computer Engineering,Un-Aided Autonomous,Autonomous Institute
06146,0614691110,Computer Science and Engineering(Artificial Intelligence and Machine Learning),Un-Aided Autonomous,Autonomous Institute
06146,0614691210,Computer Science and Engineering(Data Science),Un-Aided Autonomous,Autonomous Institute
06146,0614692710,Computer Engineering (Software Engineering),Un-Aided Autonomous,Autonomous Institute
06146,0614699730E,Artificial Intelligence,Un-Aided Autonomous,Autonomous Institute
06149,0614919110,Civil Engineering,Un-Aided Linguistic Minority - Hindi,Savitribai Phule Pune University
06149,0614924510,Computer Engineering,Un-Aided Linguistic Minority - Hindi,Savitribai Phule Pune University
06149,0614924610,Information Technology,Un-Aided Linguistic Minority - Hindi,Savitribai Phule Pune University
06149,0614925210,Cyber Security,Un-Aided Linguistic Minority - Hindi,Savitribai Phule Pune University
06149,0614925310,Internet of Things (IoT),Un-Aided Linguistic Minority - Hindi,Savitribai Phule Pune University
06149,0614929310,Electrical Engineering,Un-Aided Linguistic Minority - Hindi,Savitribai Phule Pune University
06149,0614937210,Electronics and Telecommunication Engg,Un-Aided Linguistic Minority - Hindi,Savitribai Phule Pune University
06149,0614961210,Mechanical Engineering,Un-Aided Linguistic Minority - Hindi,Savitribai Phule Pune University
06149,0614984410,Electronics and Computer Engineering,Un-Aided Linguistic Minority - Hindi,Savitribai Phule Pune University
06149,0614992110,Artificial Intelligence and Machine Learning,Un-Aided Linguistic Minority - Hindi,Savitribai Phule Pune University
06149,0614999510,Artificial Intelligence and Data Science,Un-Aided Linguistic Minority - Hindi,Savitribai Phule Pune University
06155,0615519110,Civil Engineering,Un-Aided Autonomous Linguistic Minority - Hindi,Autonomous Institute
06155,0615524510,Computer Engineering,Un-Aided Autonomous Linguistic Minority - Hindi,Autonomous Institute
06155,0615524610,Information Technology,Un-Aided Autonomous Linguistic Minority - Hindi,Autonomous Institute
06155,0615526010,Computer Science and Engineering (Cyber Security),Un-Aided Autonomous Linguistic Minority - Hindi,Autonomous Institute
06155,0615529310,Electrical Engineering,Un-Aided Autonomous Linguistic Minority - Hindi,Autonomous Institute
06155,0615537210,Electronics and Telecommunication Engg,Un-Aided Autonomous Linguistic Minority - Hindi,Autonomous Institute
06155,0615561210,Mechanical Engineering,Un-Aided Autonomous Linguistic Minority - Hindi,Autonomous Institute
06155,0615591110,Computer Science and Engineering(Artificial Intelligence and Machine Learning),Un-Aided Autonomous Linguistic Minority - Hindi,Autonomous Institute
06155,0615591210,Computer Science and Engineering(Data Science),Un-Aided Autonomous Linguistic Minority - Hindi,Autonomous Institute
06155,0615591310,Computer Science and Engineering (Artificial Intelligence),Un-Aided Autonomous Linguistic Minority - Hindi,Autonomous Institute
06156,0615624510,Computer Engineering,Un-Aided Autonomous,Autonomous Institute
06156,0615624610,Information Technology,Un-Aided Autonomous,Autonomous Institute
06156,0615629310,Electrical Engineering,Un-Aided Autonomous,Autonomous Institute
06156,0615637210,Electronics and Telecommunication Engg,Un-Aided Autonomous,Autonomous Institute
06156,0615661210,Mechanical Engineering,Un-Aided Autonomous,Autonomous Institute
06156,0615699510,Artificial Intelligence and Data Science,Un-Aided Autonomous,Autonomous Institute
06175,0617519110,Civil Engineering,Un-Aided Autonomous,Autonomous Institute
06175,0617519190L,Civil Engineering,Un-Aided Autonomous,Autonomous Institute
06175,0617524510,Computer Engineering,Un-Aided Autonomous,Autonomous Institute
06175,0617524590L,Computer Engineering,Un-Aided Autonomous,Autonomous Institute
06175,0617524610,Information Technology,Un-Aided Autonomous,Autonomous Institute
06175,0617537210,Electronics and Telecommunication Engg,Un-Aided Autonomous,Autonomous Institute
06175,0617537810,Electronics Engineering ( VLSI Design and Technology),Un-Aided Autonomous,Autonomous Institute
06175,0617561210,Mechanical Engineering,Un-Aided Autonomous,Autonomous Institute
06175,0617591110,Computer Science and Engineering(Artificial Intelligence and Machine Learning),Un-Aided Autonomous,Autonomous Institute
06177,0617708210,Bio Technology,Un-Aided,Savitribai Phule Pune University
06177,0617719110,Civil Engineering,Un-Aided,Savitribai Phule Pune University
06177,0617724510,Computer Engineering,Un-Aided,Savitribai Phule Pune University
06177,0617724610,Information Technology,Un-Aided,Savitribai Phule Pune University
06177,0617737210,Electronics and Telecommunication Engg,Un-Aided,Savitribai Phule Pune University
06177,0617750710,Chemical Engineering,Un-Aided,Savitribai Phule Pune University
06177,0617761210,Mechanical Engineering,Un-Aided,Savitribai Phule Pune University
06178,0617824510,Computer Engineering,Un-Aided,Savitribai Phule Pune University
06178,0617824610,Information Technology,Un-Aided,Savitribai Phule Pune University
06178,0617837210,Electronics and Telecommunication Engg,Un-Aided,Savitribai Phule Pune University
06178,0617861210,Mechanical Engineering,Un-Aided,Savitribai Phule Pune University
06179,0617924510,Computer Engineering,Un-Aided Autonomous,Autonomous Institute
06179,0617924610,Information Technology,Un-Aided Autonomous,Autonomous Institute
06179,0617937210,Electronics and Telecommunication Engg,Un-Aided Autonomous,Autonomous Institute
06179,0617961210,Mechanical Engineering,Un-Aided Autonomous,Autonomous Institute
06179,0617999510,Artificial Intelligence and Data Science,Un-Aided Autonomous,Autonomous Institute
06182,0618219110,Civil Engineering,Un-Aided,Savitribai Phule Pune University
06182,0618224510,Computer Engineering,Un-Aided,Savitribai Phule Pune University
06182,0618224610,Information Technology,Un-Aided,Savitribai Phule Pune University
06182,0618237210,Electronics and Telecommunication Engg,Un-Aided,Savitribai Phule Pune University
06182,0618261210,Mechanical Engineering,Un-Aided,Savitribai Phule Pune University
06183,0618324510,Computer Engineering,Un-Aided Religious Minority - Muslim,Savitribai Phule Pune University
06183,0618337210,Electronics and Telecommunication Engg,Un-Aided Religious Minority - Muslim,Savitribai Phule Pune University
06183,0618361210,Mechanical Engineering,Un-Aided Religious Minority - Muslim,Savitribai Phule Pune University
06184,0618419110,Civil Engineering,Un-Aided Autonomous,Autonomous Institute
06184,0618424510,Computer Engineering,Un-Aided Autonomous,Autonomous Institute
06184,0618424610,Information Technology,Un-Aided Autonomous,Autonomous Institute
06184,0618429310,Electrical Engineering,Un-Aided Autonomous,Autonomous Institute
06184,0618437210,Electronics and Telecommunication Engg,Un-Aided Autonomous,Autonomous Institute
06184,0618461210,Mechanical Engineering,Un-Aided Autonomous,Autonomous Institute
06185,0618524510,Computer Engineering,Un-Aided,Savitribai Phule Pune University
06185,0618524610,Information Technology,Un-Aided,Savitribai Phule Pune University
06185,0618529310,Electrical Engineering,Un-Aided,Savitribai Phule Pune University
06185,0618537210,Electronics and Telecommunication Engg,Un-Aided,Savitribai Phule Pune University
06185,0618561210,Mechanical Engineering,Un-Aided,Savitribai Phule Pune University
06187,0618719110,Civil Engineering,Un-Aided,Savitribai Phule Pune University
06187,0618724510,Computer Engineering,Un-Aided,Savitribai Phule Pune University
06187,0618724610,Information Technology,Un-Aided,Savitribai Phule Pune University
06187,0618737210,Electronics and Telecommunication Engg,Un-Aided,Savitribai Phule Pune University
06187,0618761210,Mechanical Engineering,Un-Aided,Savitribai Phule Pune University
06203,0620319110,Civil Engineering,Un-Aided,Savitribai Phule Pune University
06203,0620324510,Computer Engineering,Un-Aided,Savitribai Phule Pune University
06203,0620326610,Robotics and Artificial Intelligence,Un-Aided,Savitribai Phule Pune University
06203,0620361210,Mechanical Engineering,Un-Aided,Savitribai Phule Pune University
06203,0620362410,Mechatronics Engineering,Un-Aided,Savitribai Phule Pune University
06203,0620399510,Artificial Intelligence and Data Science,Un-Aided,Savitribai Phule Pune University
06206,0620624510,Computer Engineering,Un-Aided,Savitribai Phule Pune University
06206,0620624610,Information Technology,Un-Aided,Savitribai Phule Pune University
06206,0620637210,Electronics and Telecommunication Engg,Un-Aided,Savitribai Phule Pune University
06206,0620661210,Mechanical Engineering,Un-Aided,Savitribai Phule Pune University
06206,0620699510,Artificial Intelligence and Data Science,Un-Aided,Savitribai Phule Pune University
06207,0620719110,Civil Engineering,Un-Aided,Savitribai Phule Pune University
06207,0620724510,Computer Engineering,Un-Aided,Savitribai Phule Pune University
06207,0620724610,Information Technology,Un-Aided,Savitribai Phule Pune University
06207,0620729310,Electrical Engineering,Un-Aided,Savitribai Phule Pune University
06207,0620737210,Electronics and Telecommunication Engg,Un-Aided,Savitribai Phule Pune University
06207,0620746610,Instrumentation Engineering,Un-Aided,Savitribai Phule Pune University
06207,0620761210,Mechanical Engineering,Un-Aided,Savitribai Phule Pune University
06207,0620784410,Electronics and Computer Engineering,Un-Aided,Savitribai Phule Pune University
06207,0620799510,Artificial Intelligence and Data Science,Un-Aided,Savitribai Phule Pune University
06214,0621419110,Civil Engineering,Un-Aided Autonomous,Autonomous Institute
06214,0621421910,Robotics and Automation,Un-Aided Autonomous,Autonomous Institute
06214,0621424510,Computer Engineering,Un-Aided Autonomous,Autonomous Institute
06214,0621429310,Electrical Engineering,Un-Aided Autonomous,Autonomous Institute
06214,0621437210,Electronics and Telecommunication Engg,Un-Aided Autonomous,Autonomous Institute
06214,0621456810,Computer Science and Information Technology,Un-Aided Autonomous,Autonomous Institute
06214,0621461210,Mechanical Engineering,Un-Aided Autonomous,Autonomous Institute
06214,0621462410,Mechatronics Engineering,Un-Aided Autonomous,Autonomous Institute
06214,0621491110,Computer Science and Engineering(Artificial Intelligence and Machine Learning),Un-Aided Autonomous,Autonomous Institute
06217,0621719110,Civil Engineering,Un-Aided Autonomous,Autonomous Institute
06217,0621724210,Computer Science and Engineering,Un-Aided Autonomous,Autonomous Institute
06217,0621726310,Artificial Intelligence (AI) and Data Science,Un-Aided Autonomous,Autonomous Institute
06217,0621729310,Electrical Engineering,Un-Aided Autonomous,Autonomous Institute
06217,0621737210,Electronics and Telecommunication Engg,Un-Aided Autonomous,Autonomous Institute
06217,0621761210,Mechanical Engineering,Un-Aided Autonomous,Autonomous Institute
06217,0621784410,Electronics and Computer Engineering,Un-Aided Autonomous,Autonomous Institute
06217,0621792110,Artificial Intelligence and Machine Learning,Un-Aided Autonomous,Autonomous Institute
06219,0621919110,Civil Engineering,Un-Aided,Punyashlok Ahilyadevi Holkar Solapur University
06219,0621924210,Computer Science and Engineering,Un-Aided,Punyashlok Ahilyadevi Holkar Solapur University
06219,0621929310,Electrical Engineering,Un-Aided,Punyashlok Ahilyadevi Holkar Solapur University
06219,0621937210,Electronics and Telecommunication Engg,Un-Aided,Punyashlok Ahilyadevi Holkar Solapur University
06219,0621946110,Bio Medical Engineering,Un-Aided,Punyashlok Ahilyadevi Holkar Solapur University
06219,0621961210,Mechanical Engineering,Un-Aided,Punyashlok Ahilyadevi Holkar Solapur University
06220,0622019110,Civil Engineering,Un-Aided Autonomous,Autonomous Institute
06220,0622024210,Computer Science and Engineering,Un-Aided Autonomous,Autonomous Institute
06220,0622029310,Electrical Engineering,Un-Aided Autonomous,Autonomous Institute
06220,0622037210,Electronics and Telecommunication Engg,Un-Aided Autonomous,Autonomous Institute
06220,0622061210,Mechanical Engineering,Un-Aided Autonomous,Autonomous Institute
06220,0622084410,Electronics and Computer Engineering,Un-Aided Autonomous,Autonomous Institute
06222,0622219110,Civil Engineering,Un-Aided Autonomous,Autonomous Institute
06222,0622224210,Computer Science and Engineering,Un-Aided Autonomous,Autonomous Institute
06222,0622226310,Artificial Intelligence (AI) and Data Science,Un-Aided Autonomous,Autonomous Institute
06222,0622229310,Electrical Engineering,Un-Aided Autonomous,Autonomous Institute
06222,0622237210,Electronics and Telecommunication Engg,Un-Aided Autonomous,Autonomous Institute
06222,0622246510,Technical Textiles,Un-Aided Autonomous,Autonomous Institute
06222,0622257010,Fashion Technology,Un-Aided Autonomous,Autonomous Institute
06222,0622261210,Mechanical Engineering,Un-Aided Autonomous,Autonomous Institute
06222,0622288610,Man Made Textile Technology,Un-Aided Autonomous,Autonomous Institute
06222,0622289010,Textile Chemistry,Un-Aided Autonomous,Autonomous Institute
06222,0622289610,Textile Technology,Un-Aided Autonomous,Autonomous Institute
06222,0622291110,Computer Science and Engineering(Artificial Intelligence and Machine Learning),Un-Aided Autonomous,Autonomous Institute
06223,0622319110,Civil Engineering,Un-Aided Autonomous,Autonomous Institute
06223,0622324210,Computer Science and Engineering,Un-Aided Autonomous,Autonomous Institute
06223,0622329310,Electrical Engineering,Un-Aided Autonomous,Autonomous Institute
06223,0622337210,Electronics and Telecommunication Engg,Un-Aided Autonomous,Autonomous Institute
06223,0622361210,Mechanical Engineering,Un-Aided Autonomous,Autonomous Institute
06223,0622399510,Artificial Intelligence and Data Science,Un-Aided Autonomous,Autonomous Institute
06250,0625019110,Civil Engineering,Un-Aided Autonomous,Autonomous Institute
06250,0625024210,Computer Science and Engineering,Un-Aided Autonomous,Autonomous Institute
06250,0625037210,Electronics and Telecommunication Engg,Un-Aided Autonomous,Autonomous Institute
06250,0625050710,Chemical Engineering,Un-Aided Autonomous,Autonomous Institute
06250,0625061210,Mechanical Engineering,Un-Aided Autonomous,Autonomous Institute
06250,0625091110,Computer Science and Engineering(Artificial Intelligence and Machine Learning),Un-Aided Autonomous,Autonomous Institute
06250,0625091210,Computer Science and Engineering(Data Science),Un-Aided Autonomous,Autonomous Institute
06265,0626519110,Civil Engineering,Un-Aided Autonomous Religious Minority - Jain,Autonomous Institute
06265,0626524210,Computer Science and Engineering,Un-Aided Autonomous Religious Minority - Jain,Autonomous Institute
06265,0626524610,Information Technology,Un-Aided Autonomous Religious Minority - Jain,Autonomous Institute
06265,0626537210,Electronics and Telecommunication Engg,Un-Aided Autonomous Religious Minority - Jain,Autonomous Institute
06265,0626561510,Mechanical and Automation Engineering,Un-Aided Autonomous Religious Minority - Jain,Autonomous Institute
06265,0626584410,Electronics and Computer Engineering,Un-Aided Autonomous Religious Minority - Jain,Autonomous Institute
06265,0626592110,Artificial Intelligence and Machine Learning,Un-Aided Autonomous Religious Minority - Jain,Autonomous Institute
06267,0626708210,Bio Technology,Un-Aided Autonomous,Autonomous Institute
06267,0626719110,Civil Engineering,Un-Aided Autonomous,Autonomous Institute
06267,0626724210,Computer Science and Engineering,Un-Aided Autonomous,Autonomous Institute
06267,0626726210,Computer Science and Business Systems,Un-Aided Autonomous,Autonomous Institute
06267,0626729310,Electrical Engineering,Un-Aided Autonomous,Autonomous Institute
06267,0626737210,Electronics and Telecommunication Engg,Un-Aided Autonomous,Autonomous Institute
06267,0626761210,Mechanical Engineering,Un-Aided Autonomous,Autonomous Institute
06267,0626791110,Computer Science and Engineering(Artificial Intelligence and Machine Learning),Un-Aided Autonomous,Autonomous Institute
06267,0626792210,Civil and Environmental Engineering,Un-Aided Autonomous,Autonomous Institute
06268,0626819110,Civil Engineering,Un-Aided Autonomous,Autonomous Institute
06268,0626824210,Computer Science and Engineering,Un-Aided Autonomous,Autonomous Institute
06268,0626825210,Cyber Security,Un-Aided Autonomous,Autonomous Institute
06268,0626826210,Computer Science and Business Systems,Un-Aided Autonomous,Autonomous Institute
06268,0626829310,Electrical Engineering,Un-Aided Autonomous,Autonomous Institute
06268,0626837210,Electronics and Telecommunication Engg,Un-Aided Autonomous,Autonomous Institute
06268,0626850710,Chemical Engineering,Un-Aided Autonomous,Autonomous Institute
06268,0626861210,Mechanical Engineering,Un-Aided Autonomous,Autonomous Institute
06269,0626919110,Civil Engineering,Un-Aided Autonomous,Autonomous Institute
06269,0626924210,Computer Science and Engineering,Un-Aided Autonomous,Autonomous Institute
06269,0626937210,Electronics and Telecommunication Engg,Un-Aided Autonomous,Autonomous Institute
06269,0626946410,Instrumentation and Control Engineering,Un-Aided Autonomous,Autonomous Institute
06269,0626950710,Chemical Engineering,Un-Aided Autonomous,Autonomous Institute
06269,0626961210,Mechanical Engineering,Un-Aided Autonomous,Autonomous Institute
06269,0626990010,Electronics and Computer Science,Un-Aided Autonomous,Autonomous Institute
06269,0626992510,Computer Science and Engineering (Artificial Intelligence and Data Science),Un-Aided Autonomous,Autonomous Institute
06269,0626992610,Electrical and Computer Engineering,Un-Aided Autonomous,Autonomous Institute
06270,0627019110,Civil Engineering,Un-Aided Autonomous,Autonomous Institute
06270,0627024210,Computer Science and Engineering,Un-Aided Autonomous,Autonomous Institute
06270,0627037210,Electronics and Telecommunication Engg,Un-Aided Autonomous,Autonomous Institute
06270,0627061210,Mechanical Engineering,Un-Aided Autonomous,Autonomous Institute
06270,0627099510,Artificial Intelligence and Data Science,Un-Aided Autonomous,Autonomous Institute
06271,0627124510,Computer Engineering,Un-Aided Autonomous,Autonomous Institute
06271,0627124610,Information Technology,Un-Aided Autonomous,Autonomous Institute
06271,0627126310,Artificial Intelligence (AI) and Data Science,Un-Aided Autonomous,Autonomous Institute
06271,0627137210,Electronics and Telecommunication Engg,Un-Aided Autonomous,Autonomous Institute
06271,0627184410,Electronics and Computer Engineering,Un-Aided Autonomous,Autonomous Institute
06272,0627219110,Civil Engineering,Un-Aided Autonomous,Autonomous Institute
06272,0627221910,Robotics and Automation,Un-Aided Autonomous,Autonomous Institute
06272,0627224510,Computer Engineering,Un-Aided Autonomous,Autonomous Institute
06272,0627224610,Information Technology,Un-Aided Autonomous,Autonomous Institute
06272,0627237210,Electronics and Telecommunication Engg,Un-Aided Autonomous,Autonomous Institute
06272,0627246610,Instrumentation Engineering,Un-Aided Autonomous,Autonomous Institute
06272,0627261210,Mechanical Engineering,Un-Aided Autonomous,Autonomous Institute
06272,0627299510,Artificial Intelligence and Data Science,Un-Aided Autonomous,Autonomous Institute
06273,0627319110,Civil Engineering,Un-Aided Autonomous,Autonomous Institute
06273,0627324510,Computer Engineering,Un-Aided Autonomous,Autonomous Institute
06273,0627324610,Information Technology,Un-Aided Autonomous,Autonomous Institute
06273,0627337210,Electronics and Telecommunication Engg,Un-Aided Autonomous,Autonomous Institute
06273,0627346410,Instrumentation and Control Engineering,Un-Aided Autonomous,Autonomous Institute
06273,0627361210,Mechanical Engineering,Un-Aided Autonomous,Autonomous Institute
06273,0627391110,Computer Science and Engineering(Artificial Intelligence and Machine Learning),Un-Aided Autonomous,Autonomous Institute
06273,0627391210,Computer Science and Engineering(Data Science),Un-Aided Autonomous,Autonomous Institute
06273,0627391310,Computer Science and Engineering (Artificial Intelligence),Un-Aided Autonomous,Autonomous Institute
06273,0627392010,Computer Science and Engineering (Internet of Things and Cyber Security Including Block Chain Technology),Un-Aided Autonomous,Autonomous Institute
06273,0627392710,Computer Engineering (Software Engineering),Un-Aided Autonomous,Autonomous Institute
06273,0627399510,Artificial Intelligence and Data Science,Un-Aided Autonomous,Autonomous Institute
06274,0627424510,Computer Engineering,Un-Aided Autonomous,Autonomous Institute
06274,0627424610,Information Technology,Un-Aided Autonomous,Autonomous Institute
06274,0627429310,Electrical Engineering,Un-Aided Autonomous,Autonomous Institute
06274,0627437210,Electronics and Telecommunication Engg,Un-Aided Autonomous,Autonomous Institute
06274,0627461210,Mechanical Engineering,Un-Aided Autonomous,Autonomous Institute
06274,0627484110,Printing and Packaging Technology,Un-Aided Autonomous,Autonomous Institute
06274,0627499510,Artificial Intelligence and Data Science,Un-Aided Autonomous,Autonomous Institute
06275,0627519110,Civil Engineering,Un-Aided,Savitribai Phule Pune University
06275,0627524510,Computer Engineering,Un-Aided,Savitribai Phule Pune University
06275,0627524610,Information Technology,Un-Aided,Savitribai Phule Pune University
06275,0627529310,Electrical Engineering,Un-Aided,Savitribai Phule Pune University
06275,0627537210,Electronics and Telecommunication Engg,Un-Aided,Savitribai Phule Pune University
06275,0627561210,Mechanical Engineering,Un-Aided,Savitribai Phule Pune University
06275,0627562410,Mechatronics Engineering,Un-Aided,Savitribai Phule Pune University
06275,0627592110,Artificial Intelligence and Machine Learning,Un-Aided,Savitribai Phule Pune University
06276,0627624550F,Computer Engineering,Un-Aided Autonomous,Autonomous Institute
06276,0627624650F,Information Technology,Un-Aided Autonomous,Autonomous Institute
06276,0627637250F,Electronics and Telecommunication Engg,Un-Aided Autonomous,Autonomous Institute
06276,0627646450F,Instrumentation and Control Engineering,Un-Aided Autonomous,Autonomous Institute
06276,0627661250F,Mechanical Engineering,Un-Aided Autonomous,Autonomous Institute
06277,0627719110,Civil Engineering,Un-Aided Autonomous,Autonomous Institute
06277,0627724210,Computer Science and Engineering,Un-Aided Autonomous,Autonomous Institute
06277,0627724610,Information Technology,Un-Aided Autonomous,Autonomous Institute
06277,0627726310,Artificial Intelligence (AI) and Data Science,Un-Aided Autonomous,Autonomous Institute
06277,0627737210,Electronics and Telecommunication Engg,Un-Aided Autonomous,Autonomous Institute
06277,0627761210,Mechanical Engineering,Un-Aided Autonomous,Autonomous Institute
06278,0627819110,Civil Engineering,Un-Aided Autonomous,Autonomous Institute
06278,0627821910,Robotics and Automation,Un-Aided Autonomous,Autonomous Institute
06278,0627824510,Computer Engineering,Un-Aided Autonomous,Autonomous Institute
06278,0627829310,Electrical Engineering,Un-Aided Autonomous,Autonomous Institute
06278,0627837210,Electronics and Telecommunication Engg,Un-Aided Autonomous,Autonomous Institute
06278,0627837810,Electronics Engineering ( VLSI Design and Technology),Un-Aided Autonomous,Autonomous Institute
06278,0627850710,Chemical Engineering,Un-Aided Autonomous,Autonomous Institute
06278,0627861210,Mechanical Engineering,Un-Aided Autonomous,Autonomous Institute
06278,0627862510,Mechanical Engineering[Sandwich],Un-Aided Autonomous,Autonomous Institute
06278,0627892110,Artificial Intelligence and Machine Learning,Un-Aided Autonomous,Autonomous Institute
06281,0628124510,Computer Engineering,Un-Aided Autonomous,Autonomous Institute
06281,0628137210,Electronics and Telecommunication Engg,Un-Aided Autonomous,Autonomous Institute
06281,0628161210,Mechanical Engineering,Un-Aided Autonomous,Autonomous Institute
06281,0628191610,Automation and Robotics,Un-Aided Autonomous,Autonomous Institute
06282,0628224510,Computer Engineering,Un-Aided Autonomous,Autonomous Institute
06282,0628224610,Information Technology,Un-Aided Autonomous,Autonomous Institute
06282,0628229310,Electrical Engineering,Un-Aided Autonomous,Autonomous Institute
06282,0628237210,Electronics and Telecommunication Engg,Un-Aided Autonomous,Autonomous Institute
06282,0628246610,Instrumentation Engineering,Un-Aided Autonomous,Autonomous Institute
06282,0628299510,Artificial Intelligence and Data Science,Un-Aided Autonomous,Autonomous Institute
06283,0628300210,Aeronautical Engineering,Un-Aided Autonomous,Autonomous Institute
06283,0628319110,Civil Engineering,Un-Aided Autonomous,Autonomous Institute
06283,0628324210,Computer Science and Engineering,Un-Aided Autonomous,Autonomous Institute
06283,0628326310,Artificial Intelligence (AI) and Data Science,Un-Aided Autonomous,Autonomous Institute
06283,0628326610,Robotics and Artificial Intelligence,Un-Aided Autonomous,Autonomous Institute
06283,0628329310,Electrical Engineering,Un-Aided Autonomous,Autonomous Institute
06283,0628337210,Electronics and Telecommunication Engg,Un-Aided Autonomous,Autonomous Institute
06283,0628350310,Food Technology,Un-Aided Autonomous,Autonomous Institute
06283,0628361210,Mechanical Engineering,Un-Aided Autonomous,Autonomous Institute
06283,0628392010,Computer Science and Engineering (Internet of Things and Cyber Security Including Block Chain Technology),Un-Aided Autonomous,Autonomous Institute
06284,0628419110,Civil Engineering,Un-Aided Autonomous,Autonomous Institute
06284,0628424510,Computer Engineering,Un-Aided Autonomous,Autonomous Institute
06284,0628424610,Information Technology,Un-Aided Autonomous,Autonomous Institute
06284,0628429310,Electrical Engineering,Un-Aided Autonomous,Autonomous Institute
06284,0628437210,Electronics and Telecommunication Engg,Un-Aided Autonomous,Autonomous Institute
06284,0628461210,Mechanical Engineering,Un-Aided Autonomous,Autonomous Institute
06284,0628499510,Artificial Intelligence and Data Science,Un-Aided Autonomous,Autonomous Institute
06285,0628524550F,Computer Engineering,Un-Aided,Savitribai Phule Pune University
06285,0628524650F,Information Technology,Un-Aided,Savitribai Phule Pune University
06285,0628537250F,Electronics and Telecommunication Engg,Un-Aided,Savitribai Phule Pune University
06285,0628592150F,Artificial Intelligence and Machine Learning,Un-Aided,Savitribai Phule Pune University
06288,0628819110,Civil Engineering,Un-Aided,Shivaji University
06288,0628824210,Computer Science and Engineering,Un-Aided,Shivaji University
06288,0628837210,Electronics and Telecommunication Engg,Un-Aided,Shivaji University
06288,0628861210,Mechanical Engineering,Un-Aided,Shivaji University
06288,0628891110,Computer Science and Engineering(Artificial Intelligence and Machine Learning),Un-Aided,Shivaji University
06293,0629324210,Computer Science and Engineering,Un-Aided,Punyashlok Ahilyadevi Holkar Solapur University
06293,0629329310,Electrical Engineering,Un-Aided,Punyashlok Ahilyadevi Holkar Solapur University
06293,0629337210,Electronics and Telecommunication Engg,Un-Aided,Punyashlok Ahilyadevi Holkar Solapur University
06293,0629361210,Mechanical Engineering,Un-Aided,Punyashlok Ahilyadevi Holkar Solapur University
06293,0629399510,Artificial Intelligence and Data Science,Un-Aided,Punyashlok Ahilyadevi Holkar Solapur University
06298,0629819110,Civil Engineering,Un-Aided Autonomous,Autonomous Institute
06298,0629821910,Robotics and Automation,Un-Aided Autonomous,Autonomous Institute
06298,0629824510,Computer Engineering,Un-Aided Autonomous,Autonomous Institute
06298,0629824530E,Computer Engineering,Un-Aided Autonomous,Autonomous Institute
06298,0629824610,Information Technology,Un-Aided Autonomous,Autonomous Institute
06298,0629827110,Computer Engineering (Regional Language),Un-Aided Autonomous,Autonomous Institute
06298,0629829310,Electrical Engineering,Un-Aided Autonomous,Autonomous Institute
06298,0629837210,Electronics and Telecommunication Engg,Un-Aided Autonomous,Autonomous Institute
06298,0629837230E,Electronics and Telecommunication Engg,Un-Aided Autonomous,Autonomous Institute
06298,0629861210,Mechanical Engineering,Un-Aided Autonomous,Autonomous Institute
06298,0629884410,Electronics and Computer Engineering,Un-Aided Autonomous,Autonomous Institute
06298,0629884430E,Electronics and Computer Engineering,Un-Aided Autonomous,Autonomous Institute
06298,0629892110,Artificial Intelligence and Machine Learning,Un-Aided Autonomous,Autonomous Institute
06298,0629899510,Artificial Intelligence and Data Science,Un-Aided Autonomous,Autonomous Institute
06298,0629899530E,Artificial Intelligence and Data Science,Un-Aided Autonomous,Autonomous Institute
06303,0630319110,Civil Engineering,Un-Aided,Shivaji University
06303,0630324210,Computer Science and Engineering,Un-Aided,Shivaji University
06303,0630337210,Electronics and Telecommunication Engg,Un-Aided,Shivaji University
06303,0630361210,Mechanical Engineering,Un-Aided,Shivaji University
06303,0630399510,Artificial Intelligence and Data Science,Un-Aided,Shivaji University
06304,0630419110,Civil Engineering,Un-Aided Autonomous,Autonomous Institute
06304,0630424210,Computer Science and Engineering,Un-Aided Autonomous,Autonomous Institute
06304,0630429310,Electrical Engineering,Un-Aided Autonomous,Autonomous Institute
06304,0630437210,Electronics and Telecommunication Engg,Un-Aided Autonomous,Autonomous Institute
06304,0630461210,Mechanical Engineering,Un-Aided Autonomous,Autonomous Institute
06304,0630492110,Artificial Intelligence and Machine Learning,Un-Aided Autonomous,Autonomous Institute
06305,0630519110,Civil Engineering,Un-Aided Autonomous,Autonomous Institute
06305,0630524210,Computer Science and Engineering,Un-Aided Autonomous,Autonomous Institute
06305,0630524610,Information Technology,Un-Aided Autonomous,Autonomous Institute
06305,0630537210,Electronics and Telecommunication Engg,Un-Aided Autonomous,Autonomous Institute
06305,0630561210,Mechanical Engineering,Un-Aided Autonomous,Autonomous Institute
06307,0630724510,Computer Engineering,Un-Aided,Savitribai Phule Pune University
06307,0630724610,Information Technology,Un-Aided,Savitribai Phule Pune University
06307,0630737210,Electronics and Telecommunication Engg,Un-Aided,Savitribai Phule Pune University
06307,0630760210,Automobile Engineering,Un-Aided,Savitribai Phule Pune University
06308,0630819110,Civil Engineering,Un-Aided Autonomous,Autonomous Institute
06308,0630824510,Computer Engineering,Un-Aided Autonomous,Autonomous Institute
06308,0630837210,Electronics and Telecommunication Engg,Un-Aided Autonomous,Autonomous Institute
06308,0630861210,Mechanical Engineering,Un-Aided Autonomous,Autonomous Institute
06310,0631024210,Computer Science and Engineering,Un-Aided Autonomous,Autonomous Institute
06310,0631024510,Computer Engineering,Un-Aided Autonomous,Autonomous Institute
06310,0631024610,Information Technology,Un-Aided Autonomous,Autonomous Institute
06310,0631037210,Electronics and Telecommunication Engg,Un-Aided Autonomous,Autonomous Institute
06310,0631061210,Mechanical Engineering,Un-Aided Autonomous,Autonomous Institute
06310,0631084410,Electronics and Computer Engineering,Un-Aided Autonomous,Autonomous Institute
06310,0631091310,Computer Science and Engineering (Artificial Intelligence),Un-Aided Autonomous,Autonomous Institute
06310,0631099510,Artificial Intelligence and Data Science,Un-Aided Autonomous,Autonomous Institute
06311,0631124510,Computer Engineering,Un-Aided,Savitribai Phule Pune University
06311,0631124610,Information Technology,Un-Aided,Savitribai Phule Pune University
06311,0631129310,Electrical Engineering,Un-Aided,Savitribai Phule Pune University
06311,0631137210,Electronics and Telecommunication Engg,Un-Aided,Savitribai Phule Pune University
06311,0631161210,Mechanical Engineering,Un-Aided,Savitribai Phule Pune University
06313,0631319110,Civil Engineering,Un-Aided,Shivaji University
06313,0631324210,Computer Science and Engineering,Un-Aided,Shivaji University
06313,0631324510,Computer Engineering,Un-Aided,Shivaji University
06313,0631326310,Artificial Intelligence (AI) and Data Science,Un-Aided,Shivaji University
06313,0631329310,Electrical Engineering,Un-Aided,Shivaji University
06313,0631337210,Electronics and Telecommunication Engg,Un-Aided,Shivaji University
06313,0631361210,Mechanical Engineering,Un-Aided,Shivaji University
06315,0631519110,Civil Engineering,Un-Aided Autonomous,Autonomous Institute
06315,0631521910,Robotics and Automation,Un-Aided Autonomous,Autonomous Institute
06315,0631524210,Computer Science and Engineering,Un-Aided Autonomous,Autonomous Institute
06315,0631529310,Electrical Engineering,Un-Aided Autonomous,Autonomous Institute
06315,0631561210,Mechanical Engineering,Un-Aided Autonomous,Autonomous Institute
06315,0631584410,Electronics and Computer Engineering,Un-Aided Autonomous,Autonomous Institute
06315,0631592110,Artificial Intelligence and Machine Learning,Un-Aided Autonomous,Autonomous Institute
06317,0631719110,Civil Engineering,Un-Aided Autonomous,Autonomous Institute
06317,0631724210,Computer Science and Engineering,Un-Aided Autonomous,Autonomous Institute
06317,0631729310,Electrical Engineering,Un-Aided Autonomous,Autonomous Institute
06317,0631761210,Mechanical Engineering,Un-Aided Autonomous,Autonomous Institute
06317,0631762410,Mechatronics Engineering,Un-Aided Autonomous,Autonomous Institute
06317,0631784410,Electronics and Computer Engineering,Un-Aided Autonomous,Autonomous Institute
06317,0631791610,Automation and Robotics,Un-Aided Autonomous,Autonomous Institute
06317,0631799510,Artificial Intelligence and Data Science,Un-Aided Autonomous,Autonomous Institute
06319,0631919110,Civil Engineering,Un-Aided,Savitribai Phule Pune University
06319,0631924510,Computer Engineering,Un-Aided,Savitribai Phule Pune University
06319,0631924610,Information Technology,Un-Aided,Savitribai Phule Pune University
06319,0631926310,Artificial Intelligence (AI) and Data Science,Un-Aided,Savitribai Phule Pune University
06319,0631929310,Electrical Engineering,Un-Aided,Savitribai Phule Pune University
06319,0631937210,Electronics and Telecommunication Engg,Un-Aided,Savitribai Phule Pune University
06319,0631961210,Mechanical Engineering,Un-Aided,Savitribai Phule Pune University
06320,0632019110,Civil Engineering,Un-Aided,Savitribai Phule Pune University
06320,0632024510,Computer Engineering,Un-Aided,Savitribai Phule Pune University
06320,0632029310,Electrical Engineering,Un-Aided,Savitribai Phule Pune University
06320,0632037210,Electronics and Telecommunication Engg,Un-Aided,Savitribai Phule Pune University
06320,0632037810,Electronics Engineering ( VLSI Design and Technology),Un-Aided,Savitribai Phule Pune University
06320,0632061210,Mechanical Engineering,Un-Aided,Savitribai Phule Pune University
06320,0632092810,Electronics and Communication(Advanced Communication Technology),Un-Aided,Savitribai Phule Pune University
06321,0632119110,Civil Engineering,Un-Aided,Punyashlok Ahilyadevi Holkar Solapur University
06321,0632124210,Computer Science and Engineering,Un-Aided,Punyashlok Ahilyadevi Holkar Solapur University
06321,0632129310,Electrical Engineering,Un-Aided,Punyashlok Ahilyadevi Holkar Solapur University
06321,0632137210,Electronics and Telecommunication Engg,Un-Aided,Punyashlok Ahilyadevi Holkar Solapur University
06321,0632161210,Mechanical Engineering,Un-Aided,Punyashlok Ahilyadevi Holkar Solapur University
06321,0632199510,Artificial Intelligence and Data Science,Un-Aided,Punyashlok Ahilyadevi Holkar Solapur University
06322,0632224510,Computer Engineering,Un-Aided,Savitribai Phule Pune University
06322,0632237210,Electronics and Telecommunication Engg,Un-Aided,Savitribai Phule Pune University
06322,0632261210,Mechanical Engineering,Un-Aided,Savitribai Phule Pune University
06322,0632292110,Artificial Intelligence and Machine Learning,Un-Aided,Savitribai Phule Pune University
06324,0632419110,Civil Engineering,Un-Aided,Savitribai Phule Pune University
06324,0632424510,Computer Engineering,Un-Aided,Savitribai Phule Pune University
06324,0632426310,Artificial Intelligence (AI) and Data Science,Un-Aided,Savitribai Phule Pune University
06324,0632437210,Electronics and Telecommunication Engg,Un-Aided,Savitribai Phule Pune University
06324,0632461210,Mechanical Engineering,Un-Aided,Savitribai Phule Pune University
06326,0632619110,Civil Engineering,Un-Aided,Punyashlok Ahilyadevi Holkar Solapur University
06326,0632624210,Computer Science and Engineering,Un-Aided,Punyashlok Ahilyadevi Holkar Solapur University
06326,0632637210,Electronics and Telecommunication Engg,Un-Aided,Punyashlok Ahilyadevi Holkar Solapur University
06326,0632661210,Mechanical Engineering,Un-Aided,Punyashlok Ahilyadevi Holkar Solapur University
06402,0640219110,Civil Engineering,Un-Aided,Shivaji University
06402,0640224210,Computer Science and Engineering,Un-Aided,Shivaji University
06402,0640225910,Mechanical and Mechatronics Engineering (Additive Manufacturing),Un-Aided,Shivaji University
06402,0640257310,"Electrical, Electronics and Power",Un-Aided,Shivaji University
06402,0640291110,Computer Science and Engineering(Artificial Intelligence and Machine Learning),Un-Aided,Shivaji University
06444,0644419110,Civil Engineering,Un-Aided,Punyashlok Ahilyadevi Holkar Solapur University
06444,0644424510,Computer Engineering,Un-Aided,Punyashlok Ahilyadevi Holkar Solapur University
06444,0644461210,Mechanical Engineering,Un-Aided,Punyashlok Ahilyadevi Holkar Solapur University
06466,0646619110,Civil Engineering,Un-Aided,Shivaji University
06466,0646624210,Computer Science and Engineering,Un-Aided,Shivaji University
06466,0646629310,Electrical Engineering,Un-Aided,Shivaji University
06466,0646661210,Mechanical Engineering,Un-Aided,Shivaji University
06467,0646724210,Computer Science and Engineering,Un-Aided,Punyashlok Ahilyadevi Holkar Solapur University
06467,0646724610,Information Technology,Un-Aided,Punyashlok Ahilyadevi Holkar Solapur University
06467,0646729310,Electrical Engineering,Un-Aided,Punyashlok Ahilyadevi Holkar Solapur University
06467,0646737210,Electronics and Telecommunication Engg,Un-Aided,Punyashlok Ahilyadevi Holkar Solapur University
06468,0646824210,Computer Science and Engineering,Un-Aided,Shivaji University
06468,0646829310,Electrical Engineering,Un-Aided,Shivaji University
06468,0646837210,Electronics and Telecommunication Engg,Un-Aided,Shivaji University
06468,0646884410,Electronics and Computer Engineering,Un-Aided,Shivaji University
06468,0646891110,Computer Science and Engineering(Artificial Intelligence and Machine Learning),Un-Aided,Shivaji University
06545,0654524210,Computer Science and Engineering,Un-Aided Autonomous,Autonomous Institute
06545,0654526310,Artificial Intelligence (AI) and Data Science,Un-Aided Autonomous,Autonomous Institute
06545,0654529310,Electrical Engineering,Un-Aided Autonomous,Autonomous Institute
06545,0654537210,Electronics and Telecommunication Engg,Un-Aided Autonomous,Autonomous Institute
06545,0654561210,Mechanical Engineering,Un-Aided Autonomous,Autonomous Institute
06609,0660919110,Civil Engineering,Un-Aided,Savitribai Phule Pune University
06609,0660924510,Computer Engineering,Un-Aided,Savitribai Phule Pune University
06609,0660926310,Artificial Intelligence (AI) and Data Science,Un-Aided,Savitribai Phule Pune University
06609,0660937210,Electronics and Telecommunication Engg,Un-Aided,Savitribai Phule Pune University
06609,0660961210,Mechanical Engineering,Un-Aided,Savitribai Phule Pune University
06609,0660984410,Electronics and Computer Engineering,Un-Aided,Savitribai Phule Pune University
06622,0662224510,Computer Engineering,Un-Aided Linguistic Minority - Hindi,Savitribai Phule Pune University
06622,0662237210,Electronics and Telecommunication Engg,Un-Aided Linguistic Minority - Hindi,Savitribai Phule Pune University
06622,0662237810,Electronics Engineering ( VLSI Design and Technology),Un-Aided Linguistic Minority - Hindi,Savitribai Phule Pune University
06622,0662256610,Computer Science,Un-Aided Linguistic Minority - Hindi,Savitribai Phule Pune University
06622,0662261210,Mechanical Engineering,Un-Aided Linguistic Minority - Hindi,Savitribai Phule Pune University
06622,0662292110,Artificial Intelligence and Machine Learning,Un-Aided Linguistic Minority - Hindi,Savitribai Phule Pune University
06622,0662299510,Artificial Intelligence and Data Science,Un-Aided Linguistic Minority - Hindi,Savitribai Phule Pune University
06625,0662519110,Civil Engineering,Un-Aided,Savitribai Phule Pune University
06625,0662524510,Computer Engineering,Un-Aided,Savitribai Phule Pune University
06625,0662529310,Electrical Engineering,Un-Aided,Savitribai Phule Pune University
06625,0662561210,Mechanical Engineering,Un-Aided,Savitribai Phule Pune University
06628,0662819110,Civil Engineering,Un-Aided,Savitribai Phule Pune University
06628,0662824510,Computer Engineering,Un-Aided,Savitribai Phule Pune University
06628,0662826310,Artificial Intelligence (AI) and Data Science,Un-Aided,Savitribai Phule Pune University
06628,0662829310,Electrical Engineering,Un-Aided,Savitribai Phule Pune University
06628,0662861210,Mechanical Engineering,Un-Aided,Savitribai Phule Pune University
06628,0662884410,Electronics and Computer Engineering,Un-Aided,Savitribai Phule Pune University
06632,0663219110,Civil Engineering,Un-Aided Autonomous,Autonomous Institute
06632,0663224510,Computer Engineering,Un-Aided Autonomous,Autonomous Institute
06632,0663229310,Electrical Engineering,Un-Aided Autonomous,Autonomous Institute
06632,0663237210,Electronics and Telecommunication Engg,Un-Aided Autonomous,Autonomous Institute
06632,0663261210,Mechanical Engineering,Un-Aided Autonomous,Autonomous Institute
06632,0663292110,Artificial Intelligence and Machine Learning,Un-Aided Autonomous,Autonomous Institute
06632,0663299510,Artificial Intelligence and Data Science,Un-Aided Autonomous,Autonomous Institute
06634,0663419110,Civil Engineering,Un-Aided,Savitribai Phule Pune University
06634,0663424510,Computer Engineering,Un-Aided,Savitribai Phule Pune University
06634,0663424610,Information Technology,Un-Aided,Savitribai Phule Pune University
06634,0663437210,Electronics and Telecommunication Engg,Un-Aided,Savitribai Phule Pune University
06634,0663461210,Mechanical Engineering,Un-Aided,Savitribai Phule Pune University
06634,0663492190L,Artificial Intelligence and Machine Learning,Un-Aided,Savitribai Phule Pune University
06635,0663519110,Civil Engineering,Un-Aided,Savitribai Phule Pune University
06635,0663524510,Computer Engineering,Un-Aided,Savitribai Phule Pune University
06635,0663529310,Electrical Engineering,Un-Aided,Savitribai Phule Pune University
06635,0663537210,Electronics and Telecommunication Engg,Un-Aided,Savitribai Phule Pune University
06635,0663561210,Mechanical Engineering,Un-Aided,Savitribai Phule Pune University
06635,0663591210,Computer Science and Engineering(Data Science),Un-Aided,Savitribai Phule Pune University
06635,0663592110,Artificial Intelligence and Machine Learning,Un-Aided,Savitribai Phule Pune University
06640,0664019110,Civil Engineering,Un-Aided,Punyashlok Ahilyadevi Holkar Solapur University
06640,0664024210,Computer Science and Engineering,Un-Aided,Punyashlok Ahilyadevi Holkar Solapur University
06640,0664029310,Electrical Engineering,Un-Aided,Punyashlok Ahilyadevi Holkar Solapur University
06640,0664037210,Electronics and Telecommunication Engg,Un-Aided,Punyashlok Ahilyadevi Holkar Solapur University
06640,0664061210,Mechanical Engineering,Un-Aided,Punyashlok Ahilyadevi Holkar Solapur University
06643,0664319110,Civil Engineering,Un-Aided,Punyashlok Ahilyadevi Holkar Solapur University
06643,0664324210,Computer Science and Engineering,Un-Aided,Punyashlok Ahilyadevi Holkar Solapur University
06643,0664326310,Artificial Intelligence (AI) and Data Science,Un-Aided,Punyashlok Ahilyadevi Holkar Solapur University
06643,0664329310,Electrical Engineering,Un-Aided,Punyashlok Ahilyadevi Holkar Solapur University
06643,0664337210,Electronics and Telecommunication Engg,Un-Aided,Punyashlok Ahilyadevi Holkar Solapur University
06643,0664361210,Mechanical Engineering,Un-Aided,Punyashlok Ahilyadevi Holkar Solapur University
06644,0664419110,Civil Engineering,Un-Aided Autonomous,Autonomous Institute
06644,0664424510,Computer Engineering,Un-Aided Autonomous,Autonomous Institute
06644,0664429310,Electrical Engineering,Un-Aided Autonomous,Autonomous Institute
06644,0664437210,Electronics and Telecommunication Engg,Un-Aided Autonomous,Autonomous Institute
06644,0664461210,Mechanical Engineering,Un-Aided Autonomous,Autonomous Institute
06644,0664490010,Electronics and Computer Science,Un-Aided Autonomous,Autonomous Institute
06644,0664491110,Computer Science and Engineering(Artificial Intelligence and Machine Learning),Un-Aided Autonomous,Autonomous Institute
06644,0664491210,Computer Science and Engineering(Data Science),Un-Aided Autonomous,Autonomous Institute
06649,0664919110,Civil Engineering,Un-Aided,Savitribai Phule Pune University
06649,0664924510,Computer Engineering,Un-Aided,Savitribai Phule Pune University
06649,0664929310,Electrical Engineering,Un-Aided,Savitribai Phule Pune University
06649,0664937210,Electronics and Telecommunication Engg,Un-Aided,Savitribai Phule Pune University
06649,0664961210,Mechanical Engineering,Un-Aided,Savitribai Phule Pune University
06714,0671424210,Computer Science and Engineering,Un-Aided,Shivaji University
06714,0671429310,Electrical Engineering,Un-Aided,Shivaji University
06714,0671437210,Electronics and Telecommunication Engg,Un-Aided,Shivaji University
06714,0671461210,Mechanical Engineering,Un-Aided,Shivaji University
06715,0671524510,Computer Engineering,Un-Aided,Savitribai Phule Pune University
06715,0671529310,Electrical Engineering,Un-Aided,Savitribai Phule Pune University
06715,0671561210,Mechanical Engineering,Un-Aided,Savitribai Phule Pune University
06725,0672519110,Civil Engineering,Un-Aided,Punyashlok Ahilyadevi Holkar Solapur University
06725,0672524210,Computer Science and Engineering,Un-Aided,Punyashlok Ahilyadevi Holkar Solapur University
06725,0672537210,Electronics and Telecommunication Engg,Un-Aided,Punyashlok Ahilyadevi Holkar Solapur University
06725,0672561210,Mechanical Engineering,Un-Aided,Punyashlok Ahilyadevi Holkar Solapur University
06725,0672599510,Artificial Intelligence and Data Science,Un-Aided,Punyashlok Ahilyadevi Holkar Solapur University
06732,0673219110,Civil Engineering,Un-Aided Autonomous,Autonomous Institute
06732,0673224510,Computer Engineering,Un-Aided Autonomous,Autonomous Institute
06732,0673237210,Electronics and Telecommunication Engg,Un-Aided Autonomous,Autonomous Institute
06732,0673261210,Mechanical Engineering,Un-Aided Autonomous,Autonomous Institute
06732,0673299510,Artificial Intelligence and Data Science,Un-Aided Autonomous,Autonomous Institute
06754,0675424510,Computer Engineering,Un-Aided Autonomous,Autonomous Institute
06754,0675424610,Information Technology,Un-Aided Autonomous,Autonomous Institute
06754,0675437210,Electronics and Telecommunication Engg,Un-Aided Autonomous,Autonomous Institute
06755,0675519110,Civil Engineering,Un-Aided,Savitribai Phule Pune University
06755,0675524510,Computer Engineering,Un-Aided,Savitribai Phule Pune University
06755,0675526310,Artificial Intelligence (AI) and Data Science,Un-Aided,Savitribai Phule Pune University
06755,0675537210,Electronics and Telecommunication Engg,Un-Aided,Savitribai Phule Pune University
06755,0675561210,Mechanical Engineering,Un-Aided,Savitribai Phule Pune University
06756,0675619110,Civil Engineering,Un-Aided Autonomous,Autonomous Institute
06756,0675624210,Computer Science and Engineering,Un-Aided Autonomous,Autonomous Institute
06756,0675629310,Electrical Engineering,Un-Aided Autonomous,Autonomous Institute
06756,0675637210,Electronics and Telecommunication Engg,Un-Aided Autonomous,Autonomous Institute
06756,0675661210,Mechanical Engineering,Un-Aided Autonomous,Autonomous Institute
06756,0675699510,Artificial Intelligence and Data Science,Un-Aided Autonomous,Autonomous Institute
06757,0675719110,Civil Engineering,Un-Aided Autonomous,Autonomous Institute
06757,0675724210,Computer Science and Engineering,Un-Aided Autonomous,Autonomous Institute
06757,0675726010,Computer Science and Engineering (Cyber Security),Un-Aided Autonomous,Autonomous Institute
06757,0675726310,Artificial Intelligence (AI) and Data Science,Un-Aided Autonomous,Autonomous Institute
06757,0675726610,Robotics and Artificial Intelligence,Un-Aided Autonomous,Autonomous Institute
06757,0675727310,Cloud Computing,Un-Aided Autonomous,Autonomous Institute
06757,0675729310,Electrical Engineering,Un-Aided Autonomous,Autonomous Institute
06757,0675737210,Electronics and Telecommunication Engg,Un-Aided Autonomous,Autonomous Institute
06757,0675761210,Mechanical Engineering,Un-Aided Autonomous,Autonomous Institute
06757,0675762410,Mechatronics Engineering,Un-Aided Autonomous,Autonomous Institute
06757,0675792290L,Civil and Environmental Engineering,Un-Aided Autonomous,Autonomous Institute
06758,0675819110,Civil Engineering,Un-Aided,Savitribai Phule Pune University
06758,0675824510,Computer Engineering,Un-Aided,Savitribai Phule Pune University
06758,0675837210,Electronics and Telecommunication Engg,Un-Aided,Savitribai Phule Pune University
06758,0675861210,Mechanical Engineering,Un-Aided,Savitribai Phule Pune University
06758,0675892110,Artificial Intelligence and Machine Learning,Un-Aided,Savitribai Phule Pune University
06758,0675899510,Artificial Intelligence and Data Science,Un-Aided,Savitribai Phule Pune University
06759,0675919110,Civil Engineering,Un-Aided,Savitribai Phule Pune University
06759,0675924510,Computer Engineering,Un-Aided,Savitribai Phule Pune University
06759,0675929310,Electrical Engineering,Un-Aided,Savitribai Phule Pune University
06759,0675961210,Mechanical Engineering,Un-Aided,Savitribai Phule Pune University
06759,0675999510,Artificial Intelligence and Data Science,Un-Aided,Savitribai Phule Pune University
06762,0676219110,Civil Engineering,Un-Aided,Shivaji University
06762,0676224210,Computer Science and Engineering,Un-Aided,Shivaji University
06762,0676229310,Electrical Engineering,Un-Aided,Shivaji University
06762,0676237210,Electronics and Telecommunication Engg,Un-Aided,Shivaji University
06762,0676261210,Mechanical Engineering,Un-Aided,Shivaji University
06766,0676619110,Civil Engineering,Un-Aided Autonomous,Autonomous Institute
06766,0676624510,Computer Engineering,Un-Aided Autonomous,Autonomous Institute
06766,0676626310,Artificial Intelligence (AI) and Data Science,Un-Aided Autonomous,Autonomous Institute
06766,0676637210,Electronics and Telecommunication Engg,Un-Aided Autonomous,Autonomous Institute
06766,0676661210,Mechanical Engineering,Un-Aided Autonomous,Autonomous Institute
06766,0676692110,Artificial Intelligence and Machine Learning,Un-Aided Autonomous,Autonomous Institute
06767,0676719110,Civil Engineering,Un-Aided,Savitribai Phule Pune University
06767,0676724510,Computer Engineering,Un-Aided,Savitribai Phule Pune University
06767,0676724610,Information Technology,Un-Aided,Savitribai Phule Pune University
06767,0676737210,Electronics and Telecommunication Engg,Un-Aided,Savitribai Phule Pune University
06767,0676761210,Mechanical Engineering,Un-Aided,Savitribai Phule Pune University
06767,0676791210,Computer Science and Engineering(Data Science),Un-Aided,Savitribai Phule Pune University
06767,0676799510,Artificial Intelligence and Data Science,Un-Aided,Savitribai Phule Pune University
06768,0676824510,Computer Engineering,Un-Aided,Savitribai Phule Pune University
06768,0676861210,Mechanical Engineering,Un-Aided,Savitribai Phule Pune University
06769,0676919110,Civil Engineering,Un-Aided,Savitribai Phule Pune University
06769,0676924510,Computer Engineering,Un-Aided,Savitribai Phule Pune University
06769,0676924610,Information Technology,Un-Aided,Savitribai Phule Pune University
06769,0676937210,Electronics and Telecommunication Engg,Un-Aided,Savitribai Phule Pune University
06769,0676961210,Mechanical Engineering,Un-Aided,Savitribai Phule Pune University
06770,0677024510,Computer Engineering,Un-Aided,Savitribai Phule Pune University
06770,0677024610,Information Technology,Un-Aided,Savitribai Phule Pune University
06770,0677061210,Mechanical Engineering,Un-Aided,Savitribai Phule Pune University
06771,0677119110,Civil Engineering,Un-Aided,Savitribai Phule Pune University
06771,0677124510,Computer Engineering,Un-Aided,Savitribai Phule Pune University
06771,0677161210,Mechanical Engineering,Un-Aided,Savitribai Phule Pune University
06772,0677224510,Computer Engineering,Un-Aided,Savitribai Phule Pune University
06772,0677224610,Information Technology,Un-Aided,Savitribai Phule Pune University
06772,0677229310,Electrical Engineering,Un-Aided,Savitribai Phule Pune University
06772,0677237210,Electronics and Telecommunication Engg,Un-Aided,Savitribai Phule Pune University
06772,0677261210,Mechanical Engineering,Un-Aided,Savitribai Phule Pune University
06780,0678019110,Civil Engineering,Un-Aided Autonomous,Autonomous Institute
06780,0678024210,Computer Science and Engineering,Un-Aided Autonomous,Autonomous Institute
06780,0678029310,Electrical Engineering,Un-Aided Autonomous,Autonomous Institute
06780,0678061210,Mechanical Engineering,Un-Aided Autonomous,Autonomous Institute
06780,0678091210,Computer Science and Engineering(Data Science),Un-Aided Autonomous,Autonomous Institute
06781,0678119110,Civil Engineering,Un-Aided,Punyashlok Ahilyadevi Holkar Solapur University
06781,0678124210,Computer Science and Engineering,Un-Aided,Punyashlok Ahilyadevi Holkar Solapur University
06781,0678137210,Electronics and Telecommunication Engg,Un-Aided,Punyashlok Ahilyadevi Holkar Solapur University
06781,0678161210,Mechanical Engineering,Un-Aided,Punyashlok Ahilyadevi Holkar Solapur University
06782,0678219110,Civil Engineering,Un-Aided,Punyashlok Ahilyadevi Holkar Solapur University
06782,0678224210,Computer Science and Engineering,Un-Aided,Punyashlok Ahilyadevi Holkar Solapur University
06782,0678229310,Electrical Engineering,Un-Aided,Punyashlok Ahilyadevi Holkar Solapur University
06782,0678237210,Electronics and Telecommunication Engg,Un-Aided,Punyashlok Ahilyadevi Holkar Solapur University
06782,0678261210,Mechanical Engineering,Un-Aided,Punyashlok Ahilyadevi Holkar Solapur University
06782,0678299510,Artificial Intelligence and Data Science,Un-Aided,Punyashlok Ahilyadevi Holkar Solapur University
06794,0679419110,Civil Engineering,Un-Aided,Savitribai Phule Pune University
06794,0679424510,Computer Engineering,Un-Aided,Savitribai Phule Pune University
06794,0679424610,Information Technology,Un-Aided,Savitribai Phule Pune University
06794,0679437210,Electronics and Telecommunication Engg,Un-Aided,Savitribai Phule Pune University
06794,0679437810,Electronics Engineering ( VLSI Design and Technology),Un-Aided,Savitribai Phule Pune University
06794,0679461210,Mechanical Engineering,Un-Aided,Savitribai Phule Pune University
06794,0679492810,Electronics and Communication(Advanced Communication Technology),Un-Aided,Savitribai Phule Pune University
06794,0679499510,Artificial Intelligence and Data Science,Un-Aided,Savitribai Phule Pune University
06795,0679519110,Civil Engineering,Un-Aided,Savitribai Phule Pune University
06795,0679524510,Computer Engineering,Un-Aided,Savitribai Phule Pune University
06795,0679529310,Electrical Engineering,Un-Aided,Savitribai Phule Pune University
06795,0679561210,Mechanical Engineering,Un-Aided,Savitribai Phule Pune University
06795,0679592110,Artificial Intelligence and Machine Learning,Un-Aided,Savitribai Phule Pune University
06796,0679619110,Civil Engineering,Un-Aided,Savitribai Phule Pune University
06796,0679624510,Computer Engineering,Un-Aided,Savitribai Phule Pune University
06796,0679637210,Electronics and Telecommunication Engg,Un-Aided,Savitribai Phule Pune University
06796,0679661210,Mechanical Engineering,Un-Aided,Savitribai Phule Pune University
06797,0679724210,Computer Science and Engineering,Un-Aided,Shivaji University
06797,0679725910,Mechanical and Mechatronics Engineering (Additive Manufacturing),Un-Aided,Shivaji University
06797,0679737210,Electronics and Telecommunication Engg,Un-Aided,Shivaji University
06797,0679792610,Electrical and Computer Engineering,Un-Aided,Shivaji University
06797,0679799510,Artificial Intelligence and Data Science,Un-Aided,Shivaji University
06799,0679924210,Computer Science and Engineering,Un-Aided,Shivaji University
06799,0679924510,Computer Engineering,Un-Aided,Shivaji University
06799,0679929310,Electrical Engineering,Un-Aided,Shivaji University
06799,0679961210,Mechanical Engineering,Un-Aided,Shivaji University
06799,0679992110,Artificial Intelligence and Machine Learning,Un-Aided,Shivaji University
06803,0680319110,Civil Engineering,Un-Aided,Shivaji University
06803,0680324210,Computer Science and Engineering,Un-Aided,Shivaji University
06803,0680329310,Electrical Engineering,Un-Aided,Shivaji University
06803,0680337210,Electronics and Telecommunication Engg,Un-Aided,Shivaji University
06803,0680337910,ELECTRONICS AND COMMUNICATION ENGINEERING (BIO-MEDICAL ENGINEERING),Un-Aided,Shivaji University
06803,0680361210,Mechanical Engineering,Un-Aided,Shivaji University
06803,0680391110,Computer Science and Engineering(Artificial Intelligence and Machine Learning),Un-Aided,Shivaji University
06808,0680824510,Computer Engineering,Un-Aided,Savitribai Phule Pune University
06808,0680826310,Artificial Intelligence (AI) and Data Science,Un-Aided,Savitribai Phule Pune University
06808,0680837210,Electronics and Telecommunication Engg,Un-Aided,Savitribai Phule Pune University
06808,0680861210,Mechanical Engineering,Un-Aided,Savitribai Phule Pune University
06811,0681119110,Civil Engineering,Un-Aided,Shivaji University
06811,0681124210,Computer Science and Engineering,Un-Aided,Shivaji University
06811,0681129310,Electrical Engineering,Un-Aided,Shivaji University
06811,0681137210,Electronics and Telecommunication Engg,Un-Aided,Shivaji University
06811,0681161210,Mechanical Engineering,Un-Aided,Shivaji University
06814,0681426310,Artificial Intelligence (AI) and Data Science,Un-Aided,Shivaji University
06814,0681438410,"Electrical, Electronics and Power Engineering",Un-Aided,Shivaji University
06814,0681461210,Mechanical Engineering,Un-Aided,Shivaji University
06815,0681519110,Civil Engineering,Un-Aided,Savitribai Phule Pune University
06815,0681524510,Computer Engineering,Un-Aided,Savitribai Phule Pune University
06815,0681561210,Mechanical Engineering,Un-Aided,Savitribai Phule Pune University
06822,0682219110,Civil Engineering,Un-Aided Autonomous,Autonomous Institute
06822,0682224510,Computer Engineering,Un-Aided Autonomous,Autonomous Institute
06822,0682224610,Information Technology,Un-Aided Autonomous,Autonomous Institute
06822,0682237210,Electronics and Telecommunication Engg,Un-Aided Autonomous,Autonomous Institute
06822,0682261210,Mechanical Engineering,Un-Aided Autonomous,Autonomous Institute
06834,0683424510,Computer Engineering,Un-Aided Autonomous,Autonomous Institute
06834,0683426310,Artificial Intelligence (AI) and Data Science,Un-Aided Autonomous,Autonomous Institute
06834,0683492110,Artificial Intelligence and Machine Learning,Un-Aided Autonomous,Autonomous Institute
06839,0683919110,Civil Engineering,Un-Aided,Shivaji University
06839,0683924210,Computer Science and Engineering,Un-Aided,Shivaji University
06839,0683929310,Electrical Engineering,Un-Aided,Shivaji University
06839,0683991210,Computer Science and Engineering(Data Science),Un-Aided,Shivaji University
06878,0687819110,Civil Engineering,Un-Aided,Shivaji University
06878,0687824210,Computer Science and Engineering,Un-Aided,Shivaji University
06878,0687825910,Mechanical and Mechatronics Engineering (Additive Manufacturing),Un-Aided,Shivaji University
06878,0687890010,Electronics and Computer Science,Un-Aided,Shivaji University
06878,0687891110,Computer Science and Engineering(Artificial Intelligence and Machine Learning),Un-Aided,Shivaji University
06878,0687892610,Electrical and Computer Engineering,Un-Aided,Shivaji University
06901,0690119110,Civil Engineering,Un-Aided,Punyashlok Ahilyadevi Holkar Solapur University
06901,0690124210,Computer Science and Engineering,Un-Aided,Punyashlok Ahilyadevi Holkar Solapur University
06901,0690137210,Electronics and Telecommunication Engg,Un-Aided,Punyashlok Ahilyadevi Holkar Solapur University
06901,0690158510,MECHANICAL AND RAIL ENGINEERING,Un-Aided,Punyashlok Ahilyadevi Holkar Solapur University
06901,0690184410,Electronics and Computer Engineering,Un-Aided,Punyashlok Ahilyadevi Holkar Solapur University
06901,0690199510,Artificial Intelligence and Data Science,Un-Aided,Punyashlok Ahilyadevi Holkar Solapur University
06938,0693824250F,Computer Science and Engineering,Un-Aided,Punyashlok Ahilyadevi Holkar Solapur University
06938,0693829350F,Electrical Engineering,Un-Aided,Punyashlok Ahilyadevi Holkar Solapur University
06938,0693837250F,Electronics and Telecommunication Engg,Un-Aided,Punyashlok Ahilyadevi Holkar Solapur University
06938,0693884450F,Electronics and Computer Engineering,Un-Aided,Punyashlok Ahilyadevi Holkar Solapur University
06938,0693892550F,Computer Science and Engineering (Artificial Intelligence and Data Science),Un-Aided,Punyashlok Ahilyadevi Holkar Solapur University
06991,0699124510,Computer Engineering,Un-Aided,Savitribai Phule Pune University
06991,0699156610,Computer Science,Un-Aided,Savitribai Phule Pune University
06991,0699184410,Electronics and Computer Engineering,Un-Aided,Savitribai Phule Pune University
06991,0699199510,Artificial Intelligence and Data Science,Un-Aided,Savitribai Phule Pune University
14005,1400508310,Biotechnology and Biochemical Engineering,University Autonomous,Autonomous Institute
14005,1400508410,Pharmaceutical Engineering,University Autonomous,Autonomous Institute
14005,1400550110,Plastic and Polymer Engineering,University Autonomous,Autonomous Institute
14005,1400550310,Food Technology,University Autonomous,Autonomous Institute
14005,1400550710,Chemical Engineering,University Autonomous,Autonomous Institute
14005,1400552410,Paper and Pulp Technology,University Autonomous,Autonomous Institute
14005,1400552710,Petro Chemical Engineering,University Autonomous,Autonomous Institute
14005,1400552910,Oil Technology,University Autonomous,Autonomous Institute
14005,1400572910,Surface Coating Technology,University Autonomous,Autonomous Institute
16006,1600619110,Civil Engineering,University Autonomous,Autonomous Institute
16006,1600624210,Computer Science and Engineering,University Autonomous,Autonomous Institute
16006,1600629310,Electrical Engineering,University Autonomous,Autonomous Institute
16006,1600637210,Electronics and Telecommunication Engg,University Autonomous,Autonomous Institute
16006,1600646410,Instrumentation and Control Engineering,University Autonomous,Autonomous Institute
16006,1600661210,Mechanical Engineering,University Autonomous,Autonomous Institute
16006,1600662710,Manufacturing Science and Engineering,University Autonomous,Autonomous Institute
16006,1600669410,Metallurgy and Material Technology,University Autonomous,Autonomous Institute
16006,1600692110,Artificial Intelligence and Machine Learning,University Autonomous,Autonomous Institute
16121,1612119110,Civil Engineering,Un-Aided,Shivaji University
16121,1612124510,Computer Engineering,Un-Aided,Shivaji University
16121,1612126310,Artificial Intelligence (AI) and Data Science,Un-Aided,Shivaji University
16121,1612129310,Electrical Engineering,Un-Aided,Shivaji University
16121,1612161210,Mechanical Engineering,Un-Aided,Shivaji University
16351,1635119110,Civil Engineering,Un-Aided,Savitribai Phule Pune University
16351,1635124210,Computer Science and Engineering,Un-Aided,Savitribai Phule Pune University
16351,1635137210,Electronics and Telecommunication Engg,Un-Aided,Savitribai Phule Pune University
16351,1635192110,Artificial Intelligence and Machine Learning,Un-Aided,Savitribai Phule Pune University
16352,1635224210,Computer Science and Engineering,Un-Aided,Savitribai Phule Pune University
16352,1635224610,Information Technology,Un-Aided,Savitribai Phule Pune University
16352,1635237210,Electronics and Telecommunication Engg,Un-Aided,Savitribai Phule Pune University
16352,1635299510,Artificial Intelligence and Data Science,Un-Aided,Savitribai Phule Pune University
16354,1635424510,Computer Engineering,Un-Aided,Savitribai Phule Pune University
16354,1635424610,Information Technology,Un-Aided,Savitribai Phule Pune University
16354,1635437210,Electronics and Telecommunication Engg,Un-Aided,Savitribai Phule Pune University
16354,1635492110,Artificial Intelligence and Machine Learning,Un-Aided,Savitribai Phule Pune University
16355,1635524210,Computer Science and Engineering,Un-Aided,Savitribai Phule Pune University
16355,1635524610,Information Technology,Un-Aided,Savitribai Phule Pune University
16355,1635584410,Electronics and Computer Engineering,Un-Aided,Savitribai Phule Pune University
16355,1635592110,Artificial Intelligence and Machine Learning,Un-Aided,Savitribai Phule Pune University
16357,1635724510,Computer Engineering,Un-Aided,Savitribai Phule Pune University
16357,1635724610,Information Technology,Un-Aided,Savitribai Phule Pune University
16357,1635737210,Electronics and Telecommunication Engg,Un-Aided,Savitribai Phule Pune University
16357,1635791110,Computer Science and Engineering(Artificial Intelligence and Machine Learning),Un-Aided,Savitribai Phule Pune University
16371,1637124210,Computer Science and Engineering,Un-Aided,Savitribai Phule Pune University
16371,1637124610,Information Technology,Un-Aided,Savitribai Phule Pune University
16371,1637137210,Electronics and Telecommunication Engg,Un-Aided,Savitribai Phule Pune University
16371,1637184410,Electronics and Computer Engineering,Un-Aided,Savitribai Phule Pune University
16372,1637224250F,Computer Science and Engineering,Un-Aided,Shivaji University
16372,1637237250F,Electronics and Telecommunication Engg,Un-Aided,Shivaji University
16372,1637261250F,Mechanical Engineering,Un-Aided,Shivaji University
16372,1637299550F,Artificial Intelligence and Data Science,Un-Aided,Shivaji University
16373,1637319110,Civil Engineering,Un-Aided,Savitribai Phule Pune University
16373,1637324210,Computer Science and Engineering,Un-Aided,Savitribai Phule Pune University
16373,1637329310,Electrical Engineering,Un-Aided,Savitribai Phule Pune University
16373,1637337210,Electronics and Telecommunication Engg,Un-Aided,Savitribai Phule Pune University
16373,1637361210,Mechanical Engineering,Un-Aided,Savitribai Phule Pune University
16373,1637391110,Computer Science and Engineering(Artificial Intelligence and Machine Learning),Un-Aided,Savitribai Phule Pune University
